timestamp,task_name,name,index,pcie.link.gen.current,nvlink_rx_bytes,tensor_active,dram_active,sm_active,utilization.gpu [%],clocks.current.sm [MHz],utilization.memory [%],usage.memory [%],cpu_power,nvlink_tx_bytes,pcie.link.width.current,clocks.current.graphics [MHz],dram_usage,dram_power,temperature.memory,power.draw [W],pcie_tx_bytes,cpu_usage,pcie_rx_bytes,sm_occupancy,temperature.gpu,clocks.current.memory [MHz]
2025-05-07 15:49:27.5,prefill_decode_batch_size_2,NVIDIA A800 80GB PCIe,0,4,0.00 GB/s,0.00 %,2.00 %,0.00 %,0.00 %,1410 MHz,0.00 %,17.13 %,156.39 W,0.00 GB/s,16,1410 MHz,5.5 %,9.22 W,59.00 °C,79.17 W,0.12 GB/s,3.4 %,0.05 GB/s,0.00 %,56.00 °C,1512 MHz
2025-05-07 15:49:27.6,prefill_decode_batch_size_2,NVIDIA A800 80GB PCIe,0,4,0.00 GB/s,0.00 %,0.00 %,0.00 %,0.00 %,1410 MHz,0.00 %,17.26 %,151.76 W,0.00 GB/s,16,1410 MHz,5.6 %,9.28 W,59.00 °C,87.80 W,0.12 GB/s,3.1 %,0.05 GB/s,0.00 %,56.00 °C,1512 MHz
2025-05-07 15:49:27.7,prefill_decode_batch_size_2,NVIDIA A800 80GB PCIe,0,4,0.00 GB/s,0.00 %,0.00 %,0.00 %,0.00 %,1410 MHz,0.00 %,20.45 %,149.52 W,0.00 GB/s,16,1410 MHz,5.6 %,9.10 W,59.00 °C,88.79 W,0.12 GB/s,3.7 %,0.05 GB/s,0.00 %,56.00 °C,1512 MHz
2025-05-07 15:49:27.8,prefill_decode_batch_size_2,NVIDIA A800 80GB PCIe,0,4,0.00 GB/s,0.00 %,0.00 %,0.00 %,6.00 %,1410 MHz,0.00 %,20.45 %,154.64 W,0.00 GB/s,16,1410 MHz,5.7 %,9.15 W,59.00 °C,140.56 W,0.12 GB/s,4.6 %,0.05 GB/s,0.00 %,57.00 °C,1512 MHz
2025-05-07 15:49:27.9,prefill_decode_batch_size_2,NVIDIA A800 80GB PCIe,0,4,0.00 GB/s,70.00 %,12.70 %,100.00 %,6.00 %,1410 MHz,0.00 %,23.93 %,153.83 W,0.00 GB/s,16,1410 MHz,5.7 %,9.01 W,59.00 °C,89.18 W,0.09 GB/s,3.4 %,0.04 GB/s,12.50 %,57.00 °C,1512 MHz
2025-05-07 15:49:28.0,prefill_decode_batch_size_2,NVIDIA A800 80GB PCIe,0,4,0.00 GB/s,69.80 %,14.40 %,100.00 %,5.00 %,1155 MHz,4.00 %,30.38 %,147.92 W,0.00 GB/s,16,1155 MHz,5.7 %,9.12 W,59.00 °C,89.18 W,0.09 GB/s,3.4 %,0.04 GB/s,12.50 %,60.00 °C,1512 MHz
2025-05-07 15:49:28.1,prefill_decode_batch_size_2,NVIDIA A800 80GB PCIe,0,4,0.00 GB/s,93.80 %,16.50 %,99.90 %,5.00 %,1155 MHz,4.00 %,30.38 %,150.76 W,0.00 GB/s,16,1155 MHz,5.7 %,9.18 W,59.00 °C,273.81 W,0.08 GB/s,3.1 %,0.05 GB/s,12.40 %,62.00 °C,1512 MHz
2025-05-07 15:49:28.2,prefill_decode_batch_size_2,NVIDIA A800 80GB PCIe,0,4,0.00 GB/s,70.10 %,12.50 %,100.00 %,74.00 %,1065 MHz,18.00 %,71.78 %,152.39 W,0.00 GB/s,16,1065 MHz,5.7 %,9.04 W,61.00 °C,303.35 W,0.09 GB/s,3.4 %,0.04 GB/s,12.50 %,62.00 °C,1512 MHz
2025-05-07 15:49:28.3,prefill_decode_batch_size_2,NVIDIA A800 80GB PCIe,0,4,0.00 GB/s,69.90 %,13.10 %,100.00 %,74.00 %,1170 MHz,18.00 %,73.85 %,153.49 W,0.00 GB/s,16,1170 MHz,5.7 %,9.13 W,61.00 °C,328.31 W,0.09 GB/s,3.7 %,0.05 GB/s,12.50 %,62.00 °C,1512 MHz
2025-05-07 15:49:28.4,prefill_decode_batch_size_2,NVIDIA A800 80GB PCIe,0,4,0.00 GB/s,90.60 %,21.80 %,100.00 %,100.00 %,1170 MHz,30.00 %,73.85 %,149.73 W,0.00 GB/s,16,1170 MHz,5.7 %,9.06 W,61.00 °C,336.06 W,0.08 GB/s,2.8 %,0.04 GB/s,12.40 %,63.00 °C,1512 MHz
2025-05-07 15:49:28.5,prefill_decode_batch_size_2,NVIDIA A800 80GB PCIe,0,4,0.00 GB/s,90.60 %,22.50 %,100.00 %,100.00 %,1155 MHz,30.00 %,73.85 %,152.07 W,0.00 GB/s,16,1155 MHz,5.7 %,9.01 W,61.00 °C,292.56 W,0.08 GB/s,2.8 %,0.04 GB/s,12.40 %,63.00 °C,1512 MHz
2025-05-07 15:49:28.6,prefill_decode_batch_size_2,NVIDIA A800 80GB PCIe,0,4,0.00 GB/s,69.90 %,12.70 %,100.00 %,100.00 %,1065 MHz,22.00 %,75.93 %,151.07 W,0.00 GB/s,16,1065 MHz,5.7 %,8.94 W,61.00 °C,283.18 W,0.09 GB/s,3.4 %,0.04 GB/s,12.50 %,62.00 °C,1512 MHz
2025-05-07 15:49:28.7,prefill_decode_batch_size_2,NVIDIA A800 80GB PCIe,0,4,0.00 GB/s,70.00 %,13.80 %,100.00 %,100.00 %,1170 MHz,22.00 %,75.93 %,150.03 W,0.00 GB/s,16,1170 MHz,5.7 %,9.20 W,61.00 °C,277.73 W,0.09 GB/s,4.0 %,0.05 GB/s,12.50 %,62.00 °C,1512 MHz
2025-05-07 15:49:28.8,prefill_decode_batch_size_2,NVIDIA A800 80GB PCIe,0,4,0.00 GB/s,4.40 %,47.70 %,100.00 %,100.00 %,1125 MHz,35.00 %,75.93 %,151.27 W,0.00 GB/s,16,1125 MHz,5.7 %,9.32 W,63.00 °C,308.90 W,0.08 GB/s,3.7 %,0.04 GB/s,93.30 %,63.00 °C,1512 MHz
2025-05-07 15:49:29.0,prefill_decode_batch_size_2,NVIDIA A800 80GB PCIe,0,4,0.00 GB/s,69.70 %,17.20 %,100.00 %,100.00 %,1020 MHz,35.00 %,78.00 %,151.37 W,0.00 GB/s,16,1020 MHz,5.7 %,9.17 W,63.00 °C,357.05 W,0.09 GB/s,3.7 %,0.05 GB/s,12.50 %,62.00 °C,1512 MHz
2025-05-07 15:49:29.1,prefill_decode_batch_size_2,NVIDIA A800 80GB PCIe,0,4,0.00 GB/s,90.30 %,16.90 %,100.00 %,100.00 %,1155 MHz,30.00 %,78.00 %,151.74 W,0.00 GB/s,16,1155 MHz,5.7 %,9.11 W,63.00 °C,283.47 W,0.08 GB/s,3.4 %,0.04 GB/s,12.40 %,63.00 °C,1512 MHz
2025-05-07 15:49:29.2,prefill_decode_batch_size_2,NVIDIA A800 80GB PCIe,0,4,0.00 GB/s,2.70 %,41.20 %,100.00 %,100.00 %,1155 MHz,30.00 %,78.00 %,151.76 W,0.00 GB/s,16,1155 MHz,5.7 %,9.07 W,63.00 °C,304.72 W,0.08 GB/s,3.7 %,0.05 GB/s,92.60 %,63.00 °C,1512 MHz
2025-05-07 15:49:29.3,prefill_decode_batch_size_2,NVIDIA A800 80GB PCIe,0,4,0.00 GB/s,70.00 %,13.60 %,100.00 %,100.00 %,1035 MHz,26.00 %,80.07 %,152.52 W,0.00 GB/s,16,1035 MHz,5.7 %,9.20 W,63.00 °C,323.63 W,0.09 GB/s,9.5 %,0.05 GB/s,12.50 %,62.00 °C,1512 MHz
2025-05-07 15:49:29.4,prefill_decode_batch_size_2,NVIDIA A800 80GB PCIe,0,4,0.00 GB/s,90.70 %,15.50 %,100.00 %,100.00 %,1110 MHz,26.00 %,80.07 %,150.26 W,0.00 GB/s,16,1110 MHz,5.7 %,9.24 W,63.00 °C,257.31 W,0.08 GB/s,3.4 %,0.04 GB/s,12.40 %,62.00 °C,1512 MHz
2025-05-07 15:49:29.6,prefill_decode_batch_size_2,NVIDIA A800 80GB PCIe,0,4,0.00 GB/s,90.60 %,22.20 %,100.00 %,100.00 %,1170 MHz,27.00 %,80.07 %,151.13 W,0.00 GB/s,16,1170 MHz,5.7 %,9.03 W,63.00 °C,314.81 W,0.08 GB/s,3.0 %,0.04 GB/s,12.40 %,64.00 °C,1512 MHz
2025-05-07 15:49:29.7,prefill_decode_batch_size_2,NVIDIA A800 80GB PCIe,0,4,0.00 GB/s,70.00 %,10.70 %,100.00 %,100.00 %,1050 MHz,27.00 %,82.14 %,148.11 W,0.00 GB/s,16,1050 MHz,5.7 %,9.18 W,63.00 °C,307.91 W,0.09 GB/s,3.4 %,0.04 GB/s,12.50 %,63.00 °C,1512 MHz
2025-05-07 15:49:29.8,prefill_decode_batch_size_2,NVIDIA A800 80GB PCIe,0,4,0.00 GB/s,70.10 %,11.40 %,100.00 %,100.00 %,1170 MHz,31.00 %,82.14 %,151.59 W,0.00 GB/s,16,1170 MHz,5.7 %,9.14 W,63.00 °C,243.41 W,0.09 GB/s,3.0 %,0.04 GB/s,12.50 %,63.00 °C,1512 MHz
2025-05-07 15:49:29.9,prefill_decode_batch_size_2,NVIDIA A800 80GB PCIe,0,4,0.00 GB/s,93.40 %,17.10 %,99.90 %,100.00 %,1155 MHz,31.00 %,82.14 %,153.29 W,0.00 GB/s,16,1155 MHz,5.7 %,9.22 W,63.00 °C,307.53 W,0.08 GB/s,3.4 %,0.04 GB/s,12.40 %,64.00 °C,1512 MHz
2025-05-07 15:49:30.0,prefill_decode_batch_size_2,NVIDIA A800 80GB PCIe,0,4,0.00 GB/s,70.00 %,15.80 %,100.00 %,100.00 %,1065 MHz,31.00 %,84.21 %,152.09 W,0.00 GB/s,16,1065 MHz,5.7 %,9.02 W,63.00 °C,330.15 W,0.08 GB/s,3.1 %,0.04 GB/s,12.50 %,64.00 °C,1512 MHz
2025-05-07 15:49:30.1,prefill_decode_batch_size_2,NVIDIA A800 80GB PCIe,0,4,0.00 GB/s,70.20 %,13.00 %,100.00 %,100.00 %,1170 MHz,24.00 %,84.21 %,147.41 W,0.00 GB/s,16,1170 MHz,5.7 %,9.10 W,63.00 °C,330.15 W,0.09 GB/s,3.7 %,0.04 GB/s,12.50 %,64.00 °C,1512 MHz
2025-05-07 15:49:30.2,prefill_decode_batch_size_2,NVIDIA A800 80GB PCIe,0,4,0.00 GB/s,90.60 %,21.90 %,100.00 %,100.00 %,1170 MHz,24.00 %,84.21 %,153.55 W,0.00 GB/s,16,1170 MHz,5.7 %,9.00 W,63.00 °C,271.77 W,0.08 GB/s,2.8 %,0.04 GB/s,12.40 %,64.00 °C,1512 MHz
2025-05-07 15:49:30.3,prefill_decode_batch_size_2,NVIDIA A800 80GB PCIe,0,4,0.00 GB/s,91.50 %,16.70 %,100.00 %,100.00 %,1050 MHz,32.00 %,84.21 %,149.32 W,0.00 GB/s,16,1050 MHz,5.7 %,9.04 W,63.00 °C,302.86 W,0.08 GB/s,3.1 %,0.04 GB/s,12.40 %,63.00 °C,1512 MHz
2025-05-07 15:49:30.4,prefill_decode_batch_size_2,NVIDIA A800 80GB PCIe,0,4,0.00 GB/s,70.10 %,14.80 %,100.00 %,100.00 %,1095 MHz,32.00 %,86.28 %,149.75 W,0.00 GB/s,16,1095 MHz,5.7 %,9.16 W,63.00 °C,306.08 W,0.09 GB/s,3.1 %,0.04 GB/s,12.50 %,63.00 °C,1512 MHz
2025-05-07 15:49:30.5,prefill_decode_batch_size_2,NVIDIA A800 80GB PCIe,0,4,0.00 GB/s,70.10 %,13.40 %,100.00 %,100.00 %,1170 MHz,24.00 %,86.28 %,149.88 W,0.00 GB/s,16,1170 MHz,5.7 %,9.17 W,63.00 °C,285.92 W,0.09 GB/s,2.8 %,0.04 GB/s,12.50 %,63.00 °C,1512 MHz
2025-05-07 15:49:30.6,prefill_decode_batch_size_2,NVIDIA A800 80GB PCIe,0,4,0.00 GB/s,91.80 %,19.40 %,99.90 %,100.00 %,1200 MHz,24.00 %,86.28 %,152.06 W,0.00 GB/s,16,1200 MHz,5.7 %,9.01 W,63.00 °C,305.69 W,0.06 GB/s,3.1 %,0.04 GB/s,12.40 %,64.00 °C,1512 MHz
2025-05-07 15:49:30.7,prefill_decode_batch_size_2,NVIDIA A800 80GB PCIe,0,4,0.00 GB/s,70.10 %,14.10 %,100.00 %,100.00 %,1200 MHz,29.00 %,88.35 %,149.92 W,0.00 GB/s,16,1200 MHz,5.7 %,9.03 W,63.00 °C,372.57 W,0.09 GB/s,3.3 %,0.05 GB/s,12.50 %,64.00 °C,1512 MHz
2025-05-07 15:49:30.8,prefill_decode_batch_size_2,NVIDIA A800 80GB PCIe,0,4,0.00 GB/s,69.80 %,14.30 %,100.00 %,100.00 %,1170 MHz,29.00 %,88.35 %,153.12 W,0.00 GB/s,16,1170 MHz,5.7 %,9.20 W,65.00 °C,290.78 W,0.09 GB/s,4.0 %,0.04 GB/s,12.50 %,63.00 °C,1512 MHz
2025-05-07 15:49:30.9,prefill_decode_batch_size_2,NVIDIA A800 80GB PCIe,0,4,0.00 GB/s,90.40 %,20.80 %,100.00 %,100.00 %,1185 MHz,28.00 %,88.35 %,152.06 W,0.00 GB/s,16,1185 MHz,5.7 %,9.18 W,65.00 °C,308.60 W,0.08 GB/s,3.6 %,0.04 GB/s,12.40 %,64.00 °C,1512 MHz
2025-05-07 15:49:31.0,prefill_decode_batch_size_2,NVIDIA A800 80GB PCIe,0,4,0.00 GB/s,70.00 %,12.80 %,100.00 %,100.00 %,1065 MHz,28.00 %,90.42 %,148.67 W,0.00 GB/s,16,1065 MHz,5.7 %,9.01 W,63.00 °C,278.21 W,0.09 GB/s,2.5 %,0.04 GB/s,12.50 %,64.00 °C,1512 MHz
2025-05-07 15:49:31.1,prefill_decode_batch_size_2,NVIDIA A800 80GB PCIe,0,4,0.00 GB/s,70.10 %,14.70 %,100.00 %,100.00 %,1170 MHz,25.00 %,90.42 %,150.25 W,0.00 GB/s,16,1170 MHz,5.7 %,9.20 W,63.00 °C,278.21 W,0.09 GB/s,4.3 %,0.05 GB/s,12.50 %,64.00 °C,1512 MHz
2025-05-07 15:49:31.2,prefill_decode_batch_size_2,NVIDIA A800 80GB PCIe,0,4,0.00 GB/s,90.20 %,16.20 %,100.00 %,100.00 %,1170 MHz,25.00 %,90.42 %,150.77 W,0.00 GB/s,16,1170 MHz,5.7 %,9.04 W,65.00 °C,243.47 W,0.08 GB/s,4.0 %,0.04 GB/s,12.30 %,64.00 °C,1512 MHz
2025-05-07 15:49:31.3,prefill_decode_batch_size_2,NVIDIA A800 80GB PCIe,0,4,0.00 GB/s,90.80 %,22.50 %,100.00 %,100.00 %,1170 MHz,33.00 %,90.42 %,152.24 W,0.00 GB/s,16,1170 MHz,5.7 %,9.01 W,63.00 °C,313.37 W,0.08 GB/s,3.7 %,0.04 GB/s,12.40 %,64.00 °C,1512 MHz
2025-05-07 15:49:31.4,prefill_decode_batch_size_2,NVIDIA A800 80GB PCIe,0,4,0.00 GB/s,69.90 %,15.80 %,100.00 %,100.00 %,1050 MHz,33.00 %,92.49 %,150.96 W,0.00 GB/s,16,1050 MHz,5.7 %,9.16 W,65.00 °C,331.23 W,0.09 GB/s,3.1 %,0.04 GB/s,12.50 %,64.00 °C,1512 MHz
2025-05-07 15:49:31.5,prefill_decode_batch_size_2,NVIDIA A800 80GB PCIe,0,4,0.00 GB/s,4.10 %,39.20 %,100.00 %,100.00 %,1155 MHz,31.00 %,92.49 %,153.64 W,0.00 GB/s,16,1155 MHz,5.7 %,9.13 W,65.00 °C,331.60 W,0.08 GB/s,4.0 %,0.05 GB/s,92.60 %,64.00 °C,1512 MHz
2025-05-07 15:49:31.6,prefill_decode_batch_size_2,NVIDIA A800 80GB PCIe,0,4,0.00 GB/s,90.70 %,18.50 %,99.90 %,100.00 %,1170 MHz,31.00 %,92.49 %,151.59 W,0.00 GB/s,16,1170 MHz,5.7 %,9.19 W,65.00 °C,297.42 W,0.08 GB/s,3.1 %,0.04 GB/s,12.50 %,64.00 °C,1512 MHz
2025-05-07 15:49:31.7,prefill_decode_batch_size_2,NVIDIA A800 80GB PCIe,0,4,0.00 GB/s,70.00 %,13.30 %,100.00 %,100.00 %,1050 MHz,25.00 %,94.56 %,150.89 W,0.00 GB/s,16,1050 MHz,5.7 %,8.98 W,63.00 °C,339.40 W,0.09 GB/s,3.4 %,0.04 GB/s,12.50 %,64.00 °C,1512 MHz
2025-05-07 15:49:31.8,prefill_decode_batch_size_2,NVIDIA A800 80GB PCIe,0,4,0.00 GB/s,70.10 %,13.20 %,100.00 %,100.00 %,1125 MHz,25.00 %,94.56 %,148.39 W,0.00 GB/s,16,1125 MHz,5.7 %,9.28 W,65.00 °C,269.41 W,0.09 GB/s,5.5 %,0.04 GB/s,12.50 %,64.00 °C,1512 MHz
2025-05-07 15:49:31.9,prefill_decode_batch_size_2,NVIDIA A800 80GB PCIe,0,4,0.00 GB/s,4.60 %,70.60 %,100.00 %,100.00 %,1155 MHz,25.00 %,94.56 %,143.08 W,0.00 GB/s,16,1155 MHz,5.7 %,8.97 W,65.00 °C,309.19 W,0.08 GB/s,3.7 %,0.05 GB/s,76.10 %,64.00 °C,1512 MHz
2025-05-07 15:49:32.0,prefill_decode_batch_size_2,NVIDIA A800 80GB PCIe,0,4,0.00 GB/s,91.40 %,17.00 %,100.00 %,100.00 %,1050 MHz,28.00 %,94.56 %,129.77 W,0.00 GB/s,16,1050 MHz,5.7 %,9.26 W,65.00 °C,309.19 W,0.08 GB/s,2.8 %,0.04 GB/s,12.40 %,64.00 °C,1512 MHz
2025-05-07 15:49:32.1,prefill_decode_batch_size_2,NVIDIA A800 80GB PCIe,0,4,0.00 GB/s,70.10 %,14.50 %,100.00 %,100.00 %,1050 MHz,28.00 %,94.56 %,114.00 W,0.00 GB/s,16,1050 MHz,5.7 %,9.34 W,65.00 °C,314.33 W,0.09 GB/s,3.4 %,0.04 GB/s,12.50 %,63.00 °C,1512 MHz
2025-05-07 15:49:32.2,prefill_decode_batch_size_2,NVIDIA A800 80GB PCIe,0,4,0.00 GB/s,90.50 %,21.90 %,100.00 %,100.00 %,1155 MHz,30.00 %,94.56 %,119.83 W,0.00 GB/s,16,1155 MHz,5.7 %,9.34 W,65.00 °C,332.09 W,0.08 GB/s,2.1 %,0.04 GB/s,12.40 %,64.00 °C,1512 MHz
2025-05-07 15:49:32.4,prefill_decode_batch_size_2,NVIDIA A800 80GB PCIe,0,4,0.00 GB/s,91.60 %,16.60 %,100.00 %,100.00 %,1080 MHz,30.00 %,94.56 %,107.18 W,0.00 GB/s,16,1080 MHz,5.7 %,9.36 W,65.00 °C,307.93 W,0.08 GB/s,3.7 %,0.04 GB/s,12.40 %,64.00 °C,1512 MHz
2025-05-07 15:49:32.5,prefill_decode_batch_size_2,NVIDIA A800 80GB PCIe,0,4,0.00 GB/s,69.80 %,16.10 %,100.00 %,100.00 %,1080 MHz,22.00 %,94.56 %,103.25 W,0.00 GB/s,16,1080 MHz,5.7 %,9.24 W,65.00 °C,282.41 W,0.08 GB/s,3.7 %,0.04 GB/s,12.50 %,64.00 °C,1512 MHz
2025-05-07 15:49:32.6,prefill_decode_batch_size_2,NVIDIA A800 80GB PCIe,0,4,0.00 GB/s,69.90 %,14.30 %,100.00 %,100.00 %,1080 MHz,22.00 %,94.56 %,103.91 W,0.00 GB/s,16,1080 MHz,5.7 %,9.30 W,65.00 °C,294.30 W,0.08 GB/s,3.1 %,0.04 GB/s,12.50 %,64.00 °C,1512 MHz
2025-05-07 15:49:32.7,prefill_decode_batch_size_2,NVIDIA A800 80GB PCIe,0,4,0.00 GB/s,0.00 %,90.90 %,100.00 %,100.00 %,1170 MHz,36.00 %,94.56 %,102.67 W,0.00 GB/s,16,1170 MHz,5.7 %,9.25 W,65.00 °C,288.25 W,0.05 GB/s,3.4 %,0.04 GB/s,91.40 %,65.00 °C,1512 MHz
2025-05-07 15:49:32.8,prefill_decode_batch_size_2,NVIDIA A800 80GB PCIe,0,4,0.00 GB/s,4.30 %,49.20 %,100.00 %,100.00 %,1125 MHz,36.00 %,94.56 %,106.22 W,0.00 GB/s,16,1125 MHz,5.7 %,9.23 W,65.00 °C,312.68 W,0.08 GB/s,3.4 %,0.04 GB/s,93.40 %,64.00 °C,1512 MHz
2025-05-07 15:49:32.9,prefill_decode_batch_size_2,NVIDIA A800 80GB PCIe,0,4,0.00 GB/s,70.10 %,14.80 %,100.00 %,100.00 %,1095 MHz,23.00 %,94.56 %,145.34 W,0.00 GB/s,16,1095 MHz,5.7 %,9.11 W,65.00 °C,318.19 W,0.09 GB/s,3.7 %,0.04 GB/s,12.50 %,64.00 °C,1512 MHz
2025-05-07 15:49:33.0,prefill_decode_batch_size_2,NVIDIA A800 80GB PCIe,0,4,0.00 GB/s,90.50 %,20.50 %,100.00 %,100.00 %,1170 MHz,23.00 %,94.56 %,147.86 W,0.00 GB/s,16,1170 MHz,5.7 %,9.16 W,65.00 °C,308.31 W,0.08 GB/s,3.7 %,0.04 GB/s,12.40 %,65.00 °C,1512 MHz
2025-05-07 15:49:33.1,prefill_decode_batch_size_2,NVIDIA A800 80GB PCIe,0,4,0.00 GB/s,0.00 %,25.90 %,100.00 %,100.00 %,1170 MHz,30.00 %,94.56 %,146.81 W,0.00 GB/s,16,1170 MHz,5.7 %,9.08 W,65.00 °C,316.06 W,0.08 GB/s,3.1 %,0.04 GB/s,76.00 %,65.00 °C,1512 MHz
2025-05-07 15:49:33.2,prefill_decode_batch_size_2,NVIDIA A800 80GB PCIe,0,4,0.00 GB/s,70.10 %,13.90 %,100.00 %,100.00 %,1170 MHz,30.00 %,94.56 %,120.40 W,0.00 GB/s,16,1170 MHz,5.7 %,9.10 W,65.00 °C,254.57 W,0.09 GB/s,3.4 %,0.04 GB/s,12.50 %,64.00 °C,1512 MHz
2025-05-07 15:49:33.3,prefill_decode_batch_size_2,NVIDIA A800 80GB PCIe,0,4,0.00 GB/s,90.50 %,21.50 %,100.00 %,100.00 %,1170 MHz,26.00 %,94.56 %,119.43 W,0.00 GB/s,16,1170 MHz,5.7 %,9.12 W,65.00 °C,294.01 W,0.08 GB/s,3.7 %,0.04 GB/s,12.40 %,65.00 °C,1512 MHz
2025-05-07 15:49:33.4,prefill_decode_batch_size_2,NVIDIA A800 80GB PCIe,0,4,0.00 GB/s,0.00 %,28.00 %,100.00 %,100.00 %,1155 MHz,26.00 %,94.56 %,108.08 W,0.00 GB/s,16,1155 MHz,5.7 %,9.33 W,65.00 °C,304.62 W,0.08 GB/s,3.7 %,0.04 GB/s,100.00 %,65.00 °C,1512 MHz
2025-05-07 15:49:33.5,prefill_decode_batch_size_2,NVIDIA A800 80GB PCIe,0,4,0.00 GB/s,70.10 %,13.40 %,100.00 %,100.00 %,1080 MHz,31.00 %,94.56 %,115.88 W,0.00 GB/s,16,1080 MHz,5.7 %,9.06 W,65.00 °C,305.00 W,0.09 GB/s,4.0 %,0.04 GB/s,12.50 %,65.00 °C,1512 MHz
2025-05-07 15:49:33.7,prefill_decode_batch_size_2,NVIDIA A800 80GB PCIe,0,4,0.00 GB/s,90.70 %,20.70 %,100.00 %,100.00 %,1155 MHz,31.00 %,94.56 %,105.27 W,0.00 GB/s,16,1155 MHz,5.7 %,9.42 W,65.00 °C,308.90 W,0.08 GB/s,3.3 %,0.04 GB/s,12.40 %,65.00 °C,1512 MHz
2025-05-07 15:49:33.8,prefill_decode_batch_size_2,NVIDIA A800 80GB PCIe,0,4,0.00 GB/s,4.60 %,35.00 %,100.00 %,100.00 %,1065 MHz,24.00 %,94.56 %,113.97 W,0.00 GB/s,16,1065 MHz,5.7 %,9.17 W,65.00 °C,308.90 W,0.07 GB/s,5.0 %,0.04 GB/s,93.00 %,65.00 °C,1512 MHz
2025-05-07 15:49:33.9,prefill_decode_batch_size_2,NVIDIA A800 80GB PCIe,0,4,0.00 GB/s,70.00 %,13.90 %,100.00 %,100.00 %,1140 MHz,24.00 %,94.56 %,115.76 W,0.00 GB/s,16,1140 MHz,5.7 %,9.33 W,65.00 °C,311.52 W,0.09 GB/s,3.7 %,0.04 GB/s,12.50 %,64.00 °C,1512 MHz
2025-05-07 15:49:34.0,prefill_decode_batch_size_2,NVIDIA A800 80GB PCIe,0,4,0.00 GB/s,90.60 %,22.60 %,100.00 %,100.00 %,1170 MHz,34.00 %,94.56 %,120.25 W,0.00 GB/s,16,1170 MHz,5.7 %,9.22 W,65.00 °C,255.91 W,0.08 GB/s,3.4 %,0.04 GB/s,12.40 %,65.00 °C,1512 MHz
2025-05-07 15:49:34.1,prefill_decode_batch_size_2,NVIDIA A800 80GB PCIe,0,4,0.00 GB/s,90.70 %,21.70 %,100.00 %,100.00 %,1170 MHz,34.00 %,94.56 %,108.39 W,0.00 GB/s,16,1170 MHz,5.7 %,9.26 W,65.00 °C,292.05 W,0.08 GB/s,3.1 %,0.04 GB/s,12.40 %,65.00 °C,1512 MHz
2025-05-07 15:49:34.2,prefill_decode_batch_size_2,NVIDIA A800 80GB PCIe,0,4,0.00 GB/s,70.00 %,12.90 %,100.00 %,100.00 %,1050 MHz,24.00 %,94.56 %,105.82 W,0.00 GB/s,16,1050 MHz,5.7 %,9.32 W,65.00 °C,293.60 W,0.08 GB/s,3.1 %,0.04 GB/s,12.50 %,64.00 °C,1512 MHz
2025-05-07 15:49:34.3,prefill_decode_batch_size_2,NVIDIA A800 80GB PCIe,0,4,0.00 GB/s,0.00 %,89.40 %,99.30 %,100.00 %,1170 MHz,24.00 %,94.56 %,103.90 W,0.00 GB/s,16,1170 MHz,5.7 %,9.10 W,65.00 °C,229.03 W,0.05 GB/s,2.8 %,0.04 GB/s,91.90 %,64.00 °C,1512 MHz
2025-05-07 15:49:34.9,prefill_decode_batch_size_2,NVIDIA A800 80GB PCIe,0,4,0.00 GB/s,4.20 %,37.50 %,100.00 %,100.00 %,1065 MHz,26.00 %,94.56 %,150.59 W,0.00 GB/s,16,1065 MHz,5.7 %,9.03 W,65.00 °C,282.68 W,0.08 GB/s,4.3 %,0.04 GB/s,92.30 %,65.00 °C,1512 MHz
2025-05-07 15:49:35.0,prefill_decode_batch_size_2,NVIDIA A800 80GB PCIe,0,4,0.00 GB/s,70.10 %,12.70 %,100.00 %,100.00 %,1170 MHz,26.00 %,94.56 %,149.46 W,0.00 GB/s,16,1170 MHz,5.7 %,9.32 W,65.00 °C,279.29 W,0.09 GB/s,5.0 %,0.04 GB/s,12.50 %,65.00 °C,1512 MHz
2025-05-07 15:49:35.1,prefill_decode_batch_size_2,NVIDIA A800 80GB PCIe,0,4,0.00 GB/s,90.40 %,21.40 %,100.00 %,100.00 %,1155 MHz,32.00 %,94.56 %,155.21 W,0.00 GB/s,16,1155 MHz,5.7 %,9.08 W,65.00 °C,246.59 W,0.08 GB/s,4.6 %,0.04 GB/s,12.40 %,65.00 °C,1512 MHz
2025-05-07 15:49:35.2,prefill_decode_batch_size_2,NVIDIA A800 80GB PCIe,0,4,0.00 GB/s,91.30 %,16.80 %,100.00 %,100.00 %,1155 MHz,32.00 %,94.56 %,149.33 W,0.00 GB/s,16,1155 MHz,5.7 %,9.04 W,65.00 °C,309.48 W,0.08 GB/s,4.3 %,0.04 GB/s,12.40 %,65.00 °C,1512 MHz
2025-05-07 15:49:35.3,prefill_decode_batch_size_2,NVIDIA A800 80GB PCIe,0,4,0.00 GB/s,69.80 %,14.80 %,100.00 %,100.00 %,1125 MHz,25.00 %,94.56 %,139.72 W,0.00 GB/s,16,1125 MHz,5.7 %,9.05 W,65.00 °C,325.31 W,0.09 GB/s,2.5 %,0.05 GB/s,12.50 %,64.00 °C,1512 MHz
2025-05-07 15:49:35.4,prefill_decode_batch_size_2,NVIDIA A800 80GB PCIe,0,4,0.00 GB/s,91.20 %,16.90 %,100.00 %,100.00 %,1155 MHz,25.00 %,94.56 %,119.89 W,0.00 GB/s,16,1155 MHz,5.7 %,9.16 W,65.00 °C,325.31 W,0.08 GB/s,3.4 %,0.04 GB/s,12.40 %,65.00 °C,1512 MHz
2025-05-07 15:49:35.5,prefill_decode_batch_size_2,NVIDIA A800 80GB PCIe,0,4,0.00 GB/s,91.60 %,16.50 %,100.00 %,100.00 %,1095 MHz,31.00 %,94.56 %,105.45 W,0.00 GB/s,16,1095 MHz,5.7 %,9.35 W,65.00 °C,299.36 W,0.08 GB/s,2.8 %,0.04 GB/s,12.40 %,65.00 °C,1512 MHz
2025-05-07 15:49:35.6,prefill_decode_batch_size_2,NVIDIA A800 80GB PCIe,0,4,0.00 GB/s,69.80 %,15.90 %,100.00 %,100.00 %,1065 MHz,31.00 %,94.56 %,104.51 W,0.00 GB/s,16,1065 MHz,5.7 %,9.37 W,65.00 °C,318.20 W,0.09 GB/s,3.1 %,0.05 GB/s,12.50 %,65.00 °C,1512 MHz
2025-05-07 15:49:35.7,prefill_decode_batch_size_2,NVIDIA A800 80GB PCIe,0,4,0.00 GB/s,90.80 %,17.50 %,100.00 %,100.00 %,1170 MHz,24.00 %,94.56 %,104.33 W,0.00 GB/s,16,1170 MHz,5.7 %,9.43 W,65.00 °C,289.82 W,0.08 GB/s,3.1 %,0.04 GB/s,12.40 %,65.00 °C,1512 MHz
2025-05-07 15:49:35.9,prefill_decode_batch_size_2,NVIDIA A800 80GB PCIe,0,4,0.00 GB/s,90.70 %,22.10 %,100.00 %,100.00 %,1200 MHz,24.00 %,94.56 %,102.33 W,0.00 GB/s,16,1200 MHz,5.7 %,9.37 W,65.00 °C,331.91 W,0.08 GB/s,3.4 %,0.04 GB/s,12.40 %,66.00 °C,1512 MHz
2025-05-07 15:49:36.0,prefill_decode_batch_size_2,NVIDIA A800 80GB PCIe,0,4,0.00 GB/s,70.10 %,14.20 %,100.00 %,100.00 %,1095 MHz,28.00 %,94.56 %,106.51 W,0.00 GB/s,16,1095 MHz,5.7 %,9.27 W,65.00 °C,320.64 W,0.09 GB/s,3.7 %,0.05 GB/s,12.50 %,65.00 °C,1512 MHz
2025-05-07 15:49:36.1,prefill_decode_batch_size_2,NVIDIA A800 80GB PCIe,0,4,0.00 GB/s,4.10 %,39.00 %,100.00 %,100.00 %,1170 MHz,28.00 %,94.56 %,113.91 W,0.00 GB/s,16,1170 MHz,5.7 %,9.37 W,65.00 °C,320.64 W,0.08 GB/s,5.0 %,0.05 GB/s,92.70 %,65.00 °C,1512 MHz
2025-05-07 15:49:36.2,prefill_decode_batch_size_2,NVIDIA A800 80GB PCIe,0,4,0.00 GB/s,91.10 %,18.70 %,99.90 %,100.00 %,1170 MHz,31.00 %,94.56 %,119.27 W,0.00 GB/s,16,1170 MHz,5.7 %,9.10 W,65.00 °C,314.15 W,0.08 GB/s,3.4 %,0.04 GB/s,12.50 %,66.00 °C,1512 MHz
2025-05-07 15:49:36.3,prefill_decode_batch_size_2,NVIDIA A800 80GB PCIe,0,4,0.00 GB/s,70.00 %,11.60 %,100.00 %,100.00 %,1125 MHz,31.00 %,94.56 %,109.52 W,0.00 GB/s,16,1125 MHz,5.7 %,9.31 W,65.00 °C,290.02 W,0.09 GB/s,3.4 %,0.04 GB/s,12.50 %,65.00 °C,1512 MHz
2025-05-07 15:49:36.4,prefill_decode_batch_size_2,NVIDIA A800 80GB PCIe,0,4,0.00 GB/s,43.80 %,0.00 %,71.10 %,100.00 %,1170 MHz,35.00 %,94.56 %,103.03 W,0.00 GB/s,16,1170 MHz,5.7 %,9.26 W,65.00 °C,274.69 W,0.09 GB/s,3.1 %,0.04 GB/s,5.40 %,64.00 °C,1512 MHz
2025-05-07 15:49:36.5,prefill_decode_batch_size_2,NVIDIA A800 80GB PCIe,0,4,0.00 GB/s,91.70 %,16.80 %,100.00 %,100.00 %,1125 MHz,22.00 %,94.56 %,105.65 W,0.00 GB/s,16,1125 MHz,5.7 %,9.26 W,65.00 °C,306.17 W,0.08 GB/s,2.2 %,0.04 GB/s,12.40 %,65.00 °C,1512 MHz
2025-05-07 15:49:36.7,prefill_decode_batch_size_2,NVIDIA A800 80GB PCIe,0,4,0.00 GB/s,69.90 %,14.60 %,100.00 %,100.00 %,1080 MHz,22.00 %,94.56 %,103.34 W,0.00 GB/s,16,1080 MHz,5.7 %,9.19 W,65.00 °C,315.71 W,0.06 GB/s,4.0 %,0.03 GB/s,12.50 %,65.00 °C,1512 MHz
2025-05-07 15:49:36.8,prefill_decode_batch_size_2,NVIDIA A800 80GB PCIe,0,4,0.00 GB/s,90.90 %,16.80 %,100.00 %,100.00 %,1155 MHz,30.00 %,94.56 %,109.12 W,0.00 GB/s,16,1155 MHz,5.7 %,9.32 W,65.00 °C,299.58 W,0.08 GB/s,3.4 %,0.04 GB/s,12.40 %,65.00 °C,1512 MHz
2025-05-07 15:49:36.9,prefill_decode_batch_size_2,NVIDIA A800 80GB PCIe,0,4,0.00 GB/s,0.00 %,54.30 %,100.00 %,100.00 %,1155 MHz,30.00 %,94.56 %,104.24 W,0.00 GB/s,16,1155 MHz,5.7 %,9.28 W,65.00 °C,308.03 W,0.08 GB/s,3.4 %,0.05 GB/s,92.40 %,66.00 °C,1512 MHz
2025-05-07 15:49:37.0,prefill_decode_batch_size_2,NVIDIA A800 80GB PCIe,0,4,0.00 GB/s,70.20 %,10.30 %,100.00 %,100.00 %,1050 MHz,26.00 %,94.56 %,107.02 W,0.00 GB/s,16,1050 MHz,5.7 %,9.08 W,65.00 °C,309.68 W,0.09 GB/s,3.1 %,0.04 GB/s,12.50 %,65.00 °C,1512 MHz
2025-05-07 15:49:37.1,prefill_decode_batch_size_2,NVIDIA A800 80GB PCIe,0,4,0.00 GB/s,91.20 %,17.40 %,100.00 %,100.00 %,1170 MHz,26.00 %,94.56 %,103.72 W,0.00 GB/s,16,1170 MHz,5.7 %,9.22 W,65.00 °C,251.68 W,0.08 GB/s,3.1 %,0.04 GB/s,12.40 %,65.00 °C,1512 MHz
2025-05-07 15:49:37.3,prefill_decode_batch_size_2,NVIDIA A800 80GB PCIe,0,4,0.00 GB/s,92.00 %,16.80 %,100.00 %,100.00 %,1095 MHz,26.00 %,94.56 %,105.64 W,0.00 GB/s,16,1095 MHz,5.7 %,9.32 W,65.00 °C,308.02 W,0.08 GB/s,2.8 %,0.04 GB/s,12.40 %,65.00 °C,1512 MHz
2025-05-07 15:49:37.4,prefill_decode_batch_size_2,NVIDIA A800 80GB PCIe,0,4,0.00 GB/s,70.10 %,14.70 %,100.00 %,100.00 %,1065 MHz,26.00 %,94.56 %,104.29 W,0.00 GB/s,16,1065 MHz,5.7 %,9.32 W,65.00 °C,244.24 W,0.09 GB/s,3.3 %,0.05 GB/s,12.50 %,65.00 °C,1512 MHz
2025-05-07 15:49:37.5,prefill_decode_batch_size_2,NVIDIA A800 80GB PCIe,0,4,0.00 GB/s,91.10 %,17.20 %,100.00 %,100.00 %,1170 MHz,31.00 %,94.56 %,106.52 W,0.00 GB/s,16,1170 MHz,5.7 %,9.20 W,65.00 °C,307.44 W,0.06 GB/s,3.4 %,0.03 GB/s,12.40 %,65.00 °C,1512 MHz
2025-05-07 15:49:37.6,prefill_decode_batch_size_2,NVIDIA A800 80GB PCIe,0,4,0.00 GB/s,69.90 %,6.80 %,100.00 %,100.00 %,1170 MHz,24.00 %,94.56 %,104.94 W,0.00 GB/s,16,1170 MHz,5.7 %,9.38 W,65.00 °C,348.85 W,0.08 GB/s,2.2 %,0.04 GB/s,12.50 %,66.00 °C,1512 MHz
2025-05-07 15:49:37.8,prefill_decode_batch_size_2,NVIDIA A800 80GB PCIe,0,4,0.00 GB/s,70.10 %,11.90 %,100.00 %,100.00 %,1065 MHz,24.00 %,94.56 %,105.02 W,0.00 GB/s,16,1065 MHz,5.7 %,9.34 W,65.00 °C,282.49 W,0.08 GB/s,2.8 %,0.04 GB/s,12.50 %,65.00 °C,1512 MHz
2025-05-07 15:49:37.9,prefill_decode_batch_size_2,NVIDIA A800 80GB PCIe,0,4,0.00 GB/s,91.10 %,15.10 %,100.00 %,100.00 %,1170 MHz,32.00 %,94.56 %,125.46 W,0.00 GB/s,16,1170 MHz,5.7 %,9.17 W,65.00 °C,304.13 W,0.08 GB/s,3.4 %,0.04 GB/s,12.40 %,66.00 °C,1512 MHz
2025-05-07 15:49:38.0,prefill_decode_batch_size_2,NVIDIA A800 80GB PCIe,0,4,0.00 GB/s,0.00 %,27.90 %,100.00 %,100.00 %,1125 MHz,32.00 %,94.56 %,117.75 W,0.00 GB/s,16,1125 MHz,5.7 %,9.20 W,65.00 °C,305.21 W,0.08 GB/s,5.3 %,0.04 GB/s,100.00 %,66.00 °C,1512 MHz
2025-05-07 15:49:38.1,prefill_decode_batch_size_2,NVIDIA A800 80GB PCIe,0,4,0.00 GB/s,70.00 %,14.20 %,100.00 %,100.00 %,1080 MHz,24.00 %,94.56 %,122.93 W,0.00 GB/s,16,1080 MHz,5.7 %,9.40 W,65.00 °C,278.88 W,0.09 GB/s,8.0 %,0.04 GB/s,12.50 %,65.00 °C,1512 MHz
2025-05-07 15:49:38.2,prefill_decode_batch_size_2,NVIDIA A800 80GB PCIe,0,4,0.00 GB/s,91.00 %,16.70 %,100.00 %,100.00 %,1155 MHz,24.00 %,94.56 %,134.54 W,0.00 GB/s,16,1155 MHz,5.7 %,9.26 W,67.00 °C,219.13 W,0.08 GB/s,3.4 %,0.04 GB/s,12.40 %,66.00 °C,1512 MHz
2025-05-07 15:49:38.3,prefill_decode_batch_size_2,NVIDIA A800 80GB PCIe,0,4,0.00 GB/s,90.80 %,21.90 %,100.00 %,100.00 %,1155 MHz,29.00 %,94.56 %,121.98 W,0.00 GB/s,16,1155 MHz,5.7 %,9.39 W,65.00 °C,305.88 W,0.08 GB/s,3.0 %,0.04 GB/s,12.40 %,66.00 °C,1512 MHz
2025-05-07 15:49:38.4,prefill_decode_batch_size_2,NVIDIA A800 80GB PCIe,0,4,0.00 GB/s,70.00 %,14.40 %,100.00 %,100.00 %,1125 MHz,29.00 %,94.56 %,123.32 W,0.00 GB/s,16,1125 MHz,5.7 %,9.33 W,65.00 °C,349.44 W,0.09 GB/s,3.1 %,0.04 GB/s,12.50 %,66.00 °C,1512 MHz
2025-05-07 15:49:38.6,prefill_decode_batch_size_2,NVIDIA A800 80GB PCIe,0,4,0.00 GB/s,90.50 %,21.20 %,100.00 %,100.00 %,1170 MHz,27.00 %,94.56 %,118.94 W,0.00 GB/s,16,1170 MHz,5.7 %,9.20 W,67.00 °C,295.75 W,0.08 GB/s,3.4 %,0.04 GB/s,12.40 %,66.00 °C,1512 MHz
2025-05-07 15:49:38.7,prefill_decode_batch_size_2,NVIDIA A800 80GB PCIe,0,4,0.00 GB/s,4.60 %,35.80 %,100.00 %,100.00 %,1065 MHz,27.00 %,94.56 %,114.29 W,0.00 GB/s,16,1065 MHz,5.7 %,9.33 W,65.00 °C,305.10 W,0.08 GB/s,3.4 %,0.04 GB/s,93.00 %,66.00 °C,1512 MHz
2025-05-07 15:49:38.8,prefill_decode_batch_size_2,NVIDIA A800 80GB PCIe,0,4,0.00 GB/s,69.90 %,14.80 %,100.00 %,100.00 %,1080 MHz,26.00 %,94.56 %,103.77 W,0.00 GB/s,16,1080 MHz,5.7 %,9.22 W,67.00 °C,247.09 W,0.08 GB/s,3.1 %,0.04 GB/s,12.50 %,65.00 °C,1512 MHz
2025-05-07 15:49:38.9,prefill_decode_batch_size_2,NVIDIA A800 80GB PCIe,0,4,0.00 GB/s,90.40 %,24.50 %,100.00 %,100.00 %,1215 MHz,26.00 %,94.56 %,108.03 W,0.00 GB/s,16,1215 MHz,5.7 %,9.07 W,67.00 °C,312.11 W,0.08 GB/s,2.8 %,0.04 GB/s,12.40 %,65.00 °C,1512 MHz
2025-05-07 15:49:39.0,prefill_decode_batch_size_2,NVIDIA A800 80GB PCIe,0,4,0.00 GB/s,92.30 %,21.50 %,99.80 %,100.00 %,1245 MHz,33.00 %,94.56 %,105.94 W,0.00 GB/s,16,1245 MHz,5.7 %,9.24 W,67.00 °C,319.20 W,0.07 GB/s,3.4 %,0.03 GB/s,12.50 %,66.00 °C,1512 MHz
2025-05-07 15:49:39.5,prefill_decode_batch_size_2,NVIDIA A800 80GB PCIe,0,4,0.00 GB/s,0.00 %,0.00 %,0.00 %,99.00 %,1395 MHz,17.00 %,90.02 %,102.81 W,0.00 GB/s,16,1395 MHz,5.7 %,9.35 W,65.00 °C,77.09 W,0.11 GB/s,1.9 %,0.05 GB/s,0.00 %,61.00 °C,1512 MHz
2025-05-07 15:49:39.7,prefill_decode_batch_size_2,NVIDIA A800 80GB PCIe,0,4,0.00 GB/s,0.00 %,0.00 %,0.00 %,81.00 %,1410 MHz,10.00 %,90.02 %,103.17 W,0.00 GB/s,16,1410 MHz,5.7 %,9.15 W,63.00 °C,85.04 W,0.12 GB/s,2.1 %,0.05 GB/s,0.00 %,60.00 °C,1512 MHz
2025-05-07 15:49:40.0,prefill_decode_batch_size_2,NVIDIA A800 80GB PCIe,0,4,0.00 GB/s,0.00 %,0.00 %,0.00 %,0.00 %,1410 MHz,0.00 %,90.02 %,101.03 W,0.00 GB/s,16,1410 MHz,5.7 %,9.15 W,61.00 °C,83.30 W,0.12 GB/s,1.5 %,0.05 GB/s,0.00 %,59.00 °C,1512 MHz
2025-05-07 15:49:40.3,prefill_decode_batch_size_2,NVIDIA A800 80GB PCIe,0,4,0.00 GB/s,0.00 %,0.00 %,0.00 %,0.00 %,1410 MHz,0.00 %,90.02 %,102.00 W,0.00 GB/s,16,1410 MHz,5.7 %,9.31 W,61.00 °C,83.10 W,0.12 GB/s,4.3 %,0.05 GB/s,0.00 %,59.00 °C,1512 MHz
2025-05-07 15:49:40.4,prefill_decode_batch_size_2,NVIDIA A800 80GB PCIe,0,4,0.00 GB/s,0.00 %,0.00 %,0.00 %,0.00 %,1410 MHz,0.00 %,90.02 %,120.91 W,0.00 GB/s,16,1410 MHz,5.7 %,9.11 W,61.00 °C,92.94 W,0.12 GB/s,1.2 %,0.05 GB/s,0.00 %,59.00 °C,1512 MHz
2025-05-07 15:49:40.5,prefill_decode_batch_size_2,NVIDIA A800 80GB PCIe,0,4,0.00 GB/s,0.00 %,0.00 %,0.00 %,0.00 %,1410 MHz,0.00 %,90.02 %,122.29 W,0.00 GB/s,16,1410 MHz,5.7 %,9.17 W,61.00 °C,93.13 W,0.12 GB/s,1.6 %,0.05 GB/s,0.00 %,59.00 °C,1512 MHz
2025-05-07 15:49:40.6,prefill_decode_batch_size_2,NVIDIA A800 80GB PCIe,0,4,0.00 GB/s,0.00 %,0.00 %,0.00 %,0.00 %,1410 MHz,0.00 %,90.02 %,123.83 W,0.00 GB/s,16,1410 MHz,5.7 %,9.38 W,61.00 °C,93.20 W,0.12 GB/s,2.2 %,0.05 GB/s,0.00 %,59.00 °C,1512 MHz
2025-05-07 15:49:40.8,prefill_decode_batch_size_2,NVIDIA A800 80GB PCIe,0,4,0.00 GB/s,0.00 %,0.00 %,0.00 %,0.00 %,1410 MHz,0.00 %,90.02 %,117.56 W,0.00 GB/s,16,1410 MHz,5.7 %,9.23 W,61.00 °C,83.67 W,0.12 GB/s,1.9 %,0.05 GB/s,0.00 %,59.00 °C,1512 MHz
2025-05-07 15:49:41.0,prefill_decode_batch_size_2,NVIDIA A800 80GB PCIe,0,4,0.00 GB/s,0.00 %,0.00 %,0.00 %,0.00 %,1410 MHz,0.00 %,90.02 %,121.57 W,0.00 GB/s,16,1410 MHz,5.7 %,9.42 W,61.00 °C,82.72 W,0.12 GB/s,1.8 %,0.05 GB/s,0.00 %,59.00 °C,1512 MHz
2025-05-07 15:49:41.1,prefill_decode_batch_size_2,NVIDIA A800 80GB PCIe,0,4,0.00 GB/s,0.00 %,0.00 %,0.00 %,0.00 %,1410 MHz,0.00 %,90.02 %,128.29 W,0.00 GB/s,16,1410 MHz,5.7 %,9.40 W,61.00 °C,90.27 W,0.12 GB/s,2.7 %,0.05 GB/s,0.00 %,59.00 °C,1512 MHz
2025-05-07 15:49:41.2,prefill_decode_batch_size_2,NVIDIA A800 80GB PCIe,0,4,0.00 GB/s,0.00 %,0.00 %,0.00 %,0.00 %,1410 MHz,0.00 %,90.02 %,126.48 W,0.00 GB/s,16,1410 MHz,5.7 %,9.35 W,61.00 °C,90.17 W,0.12 GB/s,0.9 %,0.05 GB/s,0.00 %,59.00 °C,1512 MHz
2025-05-07 15:49:41.3,prefill_decode_batch_size_2,NVIDIA A800 80GB PCIe,0,4,0.00 GB/s,0.00 %,0.00 %,0.00 %,0.00 %,1410 MHz,0.00 %,90.02 %,133.47 W,0.00 GB/s,16,1410 MHz,5.7 %,9.21 W,61.00 °C,82.99 W,0.12 GB/s,2.8 %,0.05 GB/s,0.00 %,59.00 °C,1512 MHz
2025-05-07 15:49:41.4,prefill_decode_batch_size_2,NVIDIA A800 80GB PCIe,0,4,0.00 GB/s,0.00 %,0.00 %,0.00 %,0.00 %,1410 MHz,0.00 %,90.02 %,132.97 W,0.00 GB/s,16,1410 MHz,5.7 %,9.10 W,61.00 °C,88.80 W,0.12 GB/s,1.9 %,0.05 GB/s,0.00 %,59.00 °C,1512 MHz
2025-05-07 15:49:41.5,prefill_decode_batch_size_2,NVIDIA A800 80GB PCIe,0,4,0.00 GB/s,0.00 %,0.00 %,0.00 %,0.00 %,1410 MHz,0.00 %,90.02 %,131.82 W,0.00 GB/s,16,1410 MHz,5.7 %,9.30 W,61.00 °C,85.83 W,0.12 GB/s,1.8 %,0.05 GB/s,0.00 %,59.00 °C,1512 MHz
2025-05-07 15:49:41.6,prefill_decode_batch_size_2,NVIDIA A800 80GB PCIe,0,4,0.00 GB/s,0.00 %,0.00 %,0.00 %,0.00 %,1410 MHz,0.00 %,90.02 %,132.19 W,0.00 GB/s,16,1410 MHz,5.7 %,9.21 W,61.00 °C,84.06 W,0.12 GB/s,1.6 %,0.05 GB/s,0.00 %,59.00 °C,1512 MHz
2025-05-07 15:49:41.7,prefill_decode_batch_size_2,NVIDIA A800 80GB PCIe,0,4,0.00 GB/s,0.00 %,0.00 %,0.00 %,0.00 %,1410 MHz,0.00 %,90.02 %,139.77 W,0.00 GB/s,16,1410 MHz,5.7 %,9.06 W,61.00 °C,83.87 W,0.12 GB/s,1.6 %,0.05 GB/s,0.00 %,59.00 °C,1512 MHz
2025-05-07 15:49:41.8,prefill_decode_batch_size_2,NVIDIA A800 80GB PCIe,0,4,0.00 GB/s,0.00 %,0.00 %,0.00 %,0.00 %,1410 MHz,0.00 %,90.02 %,142.35 W,0.00 GB/s,16,1410 MHz,5.7 %,9.04 W,61.00 °C,84.08 W,0.12 GB/s,1.6 %,0.05 GB/s,0.00 %,59.00 °C,1512 MHz
2025-05-07 15:49:41.9,prefill_decode_batch_size_2,NVIDIA A800 80GB PCIe,0,4,0.00 GB/s,0.00 %,0.00 %,0.00 %,0.00 %,1410 MHz,0.00 %,90.02 %,141.32 W,0.00 GB/s,16,1410 MHz,5.7 %,9.14 W,61.00 °C,83.96 W,0.12 GB/s,1.6 %,0.05 GB/s,0.00 %,59.00 °C,1512 MHz
2025-05-07 15:49:42.0,prefill_decode_batch_size_2,NVIDIA A800 80GB PCIe,0,4,0.00 GB/s,0.00 %,0.00 %,0.00 %,0.00 %,1410 MHz,0.00 %,90.02 %,145.27 W,0.00 GB/s,16,1410 MHz,5.7 %,9.00 W,61.00 °C,83.67 W,0.12 GB/s,1.8 %,0.05 GB/s,0.00 %,58.00 °C,1512 MHz
2025-05-07 15:49:42.1,prefill_decode_batch_size_2,NVIDIA A800 80GB PCIe,0,4,0.00 GB/s,0.00 %,0.00 %,0.00 %,0.00 %,1410 MHz,0.00 %,90.02 %,138.81 W,0.00 GB/s,16,1410 MHz,5.7 %,9.20 W,61.00 °C,84.05 W,0.12 GB/s,1.6 %,0.05 GB/s,0.00 %,58.00 °C,1512 MHz
2025-05-07 15:49:42.2,prefill_decode_batch_size_2,NVIDIA A800 80GB PCIe,0,4,0.00 GB/s,0.00 %,0.00 %,0.00 %,0.00 %,1410 MHz,0.00 %,90.02 %,133.39 W,0.00 GB/s,16,1410 MHz,5.7 %,9.25 W,61.00 °C,83.77 W,0.12 GB/s,1.5 %,0.05 GB/s,0.00 %,58.00 °C,1512 MHz
2025-05-07 15:49:42.3,prefill_decode_batch_size_2,NVIDIA A800 80GB PCIe,0,4,0.00 GB/s,0.00 %,0.00 %,0.00 %,0.00 %,1410 MHz,0.00 %,90.02 %,133.09 W,0.00 GB/s,16,1410 MHz,5.7 %,9.06 W,61.00 °C,84.34 W,0.12 GB/s,1.6 %,0.05 GB/s,0.00 %,58.00 °C,1512 MHz
2025-05-07 15:49:42.4,prefill_decode_batch_size_2,NVIDIA A800 80GB PCIe,0,4,0.00 GB/s,0.00 %,0.00 %,0.00 %,0.00 %,1410 MHz,0.00 %,90.02 %,136.26 W,0.00 GB/s,16,1410 MHz,5.7 %,9.14 W,61.00 °C,84.34 W,0.12 GB/s,1.5 %,0.05 GB/s,0.00 %,58.00 °C,1512 MHz
2025-05-07 15:49:42.5,prefill_decode_batch_size_2,NVIDIA A800 80GB PCIe,0,4,0.00 GB/s,0.00 %,0.00 %,0.00 %,0.00 %,1410 MHz,0.00 %,90.02 %,134.49 W,0.00 GB/s,16,1410 MHz,5.7 %,9.11 W,61.00 °C,84.25 W,0.12 GB/s,2.8 %,0.05 GB/s,0.00 %,58.00 °C,1512 MHz
2025-05-07 15:49:42.6,prefill_decode_batch_size_2,NVIDIA A800 80GB PCIe,0,4,0.00 GB/s,0.00 %,0.00 %,0.00 %,0.00 %,1410 MHz,0.00 %,90.02 %,153.46 W,0.00 GB/s,16,1410 MHz,5.7 %,9.26 W,61.00 °C,82.77 W,0.12 GB/s,2.1 %,0.05 GB/s,0.00 %,58.00 °C,1512 MHz
2025-05-07 15:49:42.7,prefill_decode_batch_size_2,NVIDIA A800 80GB PCIe,0,4,0.00 GB/s,0.00 %,0.00 %,0.00 %,0.00 %,1410 MHz,0.00 %,90.02 %,146.23 W,0.00 GB/s,16,1410 MHz,5.7 %,9.08 W,61.00 °C,82.47 W,0.12 GB/s,0.6 %,0.05 GB/s,0.00 %,58.00 °C,1512 MHz
2025-05-07 15:49:42.8,prefill_decode_batch_size_2,NVIDIA A800 80GB PCIe,0,4,0.00 GB/s,0.00 %,0.00 %,0.00 %,0.00 %,1410 MHz,0.00 %,90.02 %,148.55 W,0.00 GB/s,16,1410 MHz,5.7 %,9.29 W,61.00 °C,93.30 W,0.12 GB/s,2.8 %,0.05 GB/s,0.00 %,58.00 °C,1512 MHz
2025-05-07 15:49:42.9,prefill_decode_batch_size_2,NVIDIA A800 80GB PCIe,0,4,0.00 GB/s,0.00 %,0.00 %,0.00 %,0.00 %,1410 MHz,0.00 %,90.02 %,148.37 W,0.00 GB/s,16,1410 MHz,5.7 %,9.05 W,59.00 °C,85.13 W,0.12 GB/s,1.9 %,0.05 GB/s,0.00 %,58.00 °C,1512 MHz
2025-05-07 15:49:43.0,prefill_decode_batch_size_2,NVIDIA A800 80GB PCIe,0,4,0.00 GB/s,0.00 %,0.00 %,0.00 %,0.00 %,1410 MHz,0.00 %,90.02 %,145.43 W,0.00 GB/s,16,1410 MHz,5.7 %,9.22 W,59.00 °C,84.94 W,0.12 GB/s,1.8 %,0.05 GB/s,0.00 %,58.00 °C,1512 MHz
2025-05-07 15:49:43.1,prefill_decode_batch_size_2,NVIDIA A800 80GB PCIe,0,4,0.00 GB/s,0.00 %,0.00 %,0.00 %,0.00 %,1410 MHz,0.00 %,90.02 %,146.12 W,0.00 GB/s,16,1410 MHz,5.7 %,9.37 W,59.00 °C,84.64 W,0.12 GB/s,2.2 %,0.05 GB/s,0.00 %,58.00 °C,1512 MHz
2025-05-07 15:49:43.2,prefill_decode_batch_size_2,NVIDIA A800 80GB PCIe,0,4,0.00 GB/s,0.00 %,0.00 %,0.00 %,0.00 %,1410 MHz,0.00 %,90.02 %,144.35 W,0.00 GB/s,16,1410 MHz,5.7 %,8.95 W,59.00 °C,84.16 W,0.12 GB/s,1.2 %,0.05 GB/s,0.00 %,58.00 °C,1512 MHz
2025-05-07 15:49:43.3,prefill_decode_batch_size_2,NVIDIA A800 80GB PCIe,0,4,0.00 GB/s,0.00 %,0.00 %,0.00 %,0.00 %,1410 MHz,0.00 %,90.02 %,147.57 W,0.00 GB/s,16,1410 MHz,5.7 %,8.91 W,59.00 °C,85.83 W,0.12 GB/s,1.2 %,0.05 GB/s,0.00 %,58.00 °C,1512 MHz
2025-05-07 15:49:43.4,prefill_decode_batch_size_2,NVIDIA A800 80GB PCIe,0,4,0.00 GB/s,0.00 %,0.00 %,0.00 %,0.00 %,1410 MHz,0.00 %,90.02 %,145.04 W,0.00 GB/s,16,1410 MHz,5.7 %,9.08 W,59.00 °C,85.83 W,0.12 GB/s,1.9 %,0.05 GB/s,0.00 %,58.00 °C,1512 MHz
2025-05-07 15:49:43.5,prefill_decode_batch_size_2,NVIDIA A800 80GB PCIe,0,4,0.00 GB/s,0.00 %,0.00 %,0.00 %,0.00 %,1410 MHz,0.00 %,90.02 %,147.90 W,0.00 GB/s,16,1410 MHz,5.7 %,9.10 W,59.00 °C,84.25 W,0.12 GB/s,1.2 %,0.05 GB/s,0.00 %,58.00 °C,1512 MHz
2025-05-07 15:49:43.6,prefill_decode_batch_size_2,NVIDIA A800 80GB PCIe,0,4,0.00 GB/s,0.00 %,0.00 %,0.00 %,0.00 %,1410 MHz,0.00 %,90.02 %,146.87 W,0.00 GB/s,16,1410 MHz,5.7 %,9.23 W,59.00 °C,84.15 W,0.12 GB/s,1.6 %,0.05 GB/s,0.00 %,58.00 °C,1512 MHz
2025-05-07 15:49:43.7,prefill_decode_batch_size_2,NVIDIA A800 80GB PCIe,0,4,0.00 GB/s,0.00 %,0.00 %,0.00 %,0.00 %,1410 MHz,0.00 %,90.02 %,149.14 W,0.00 GB/s,16,1410 MHz,5.7 %,8.97 W,59.00 °C,84.34 W,0.12 GB/s,1.2 %,0.05 GB/s,0.00 %,58.00 °C,1512 MHz
2025-05-07 15:49:43.9,prefill_decode_batch_size_2,NVIDIA A800 80GB PCIe,0,4,0.00 GB/s,0.00 %,0.00 %,0.00 %,0.00 %,1410 MHz,0.00 %,90.02 %,147.89 W,0.00 GB/s,16,1410 MHz,5.7 %,9.06 W,59.00 °C,83.86 W,0.12 GB/s,1.8 %,0.05 GB/s,0.00 %,58.00 °C,1512 MHz
2025-05-07 15:49:44.0,prefill_decode_batch_size_2,NVIDIA A800 80GB PCIe,0,4,0.00 GB/s,0.00 %,0.00 %,0.00 %,0.00 %,1410 MHz,0.00 %,90.02 %,146.75 W,0.00 GB/s,16,1410 MHz,5.7 %,9.15 W,59.00 °C,92.88 W,0.12 GB/s,1.9 %,0.05 GB/s,0.00 %,58.00 °C,1512 MHz
2025-05-07 15:49:44.1,prefill_decode_batch_size_2,NVIDIA A800 80GB PCIe,0,4,0.00 GB/s,0.00 %,0.00 %,0.00 %,0.00 %,1410 MHz,0.00 %,90.02 %,149.01 W,0.00 GB/s,16,1410 MHz,5.7 %,9.07 W,59.00 °C,92.88 W,0.12 GB/s,5.8 %,0.05 GB/s,0.00 %,58.00 °C,1512 MHz
2025-05-07 15:49:44.2,prefill_decode_batch_size_2,NVIDIA A800 80GB PCIe,0,4,0.00 GB/s,0.00 %,0.00 %,0.00 %,0.00 %,1410 MHz,0.00 %,90.02 %,151.87 W,0.00 GB/s,16,1410 MHz,5.7 %,9.22 W,59.00 °C,92.01 W,0.12 GB/s,2.2 %,0.05 GB/s,0.00 %,58.00 °C,1512 MHz
2025-05-07 15:49:44.3,prefill_decode_batch_size_2,NVIDIA A800 80GB PCIe,0,4,0.00 GB/s,0.00 %,0.00 %,0.00 %,0.00 %,1410 MHz,0.00 %,90.02 %,145.78 W,0.00 GB/s,16,1410 MHz,5.7 %,9.33 W,59.00 °C,83.86 W,0.12 GB/s,1.9 %,0.05 GB/s,0.00 %,58.00 °C,1512 MHz
2025-05-07 15:49:44.4,prefill_decode_batch_size_2,NVIDIA A800 80GB PCIe,0,4,0.00 GB/s,0.00 %,0.00 %,0.00 %,0.00 %,1410 MHz,0.00 %,90.02 %,143.20 W,0.00 GB/s,16,1410 MHz,5.7 %,9.02 W,59.00 °C,86.72 W,0.12 GB/s,1.6 %,0.05 GB/s,0.00 %,58.00 °C,1512 MHz
2025-05-07 15:49:44.5,prefill_decode_batch_size_2,NVIDIA A800 80GB PCIe,0,4,0.00 GB/s,0.00 %,0.00 %,0.00 %,0.00 %,1410 MHz,0.00 %,90.02 %,143.25 W,0.00 GB/s,16,1410 MHz,5.7 %,9.11 W,59.00 °C,86.91 W,0.12 GB/s,2.8 %,0.05 GB/s,0.00 %,58.00 °C,1512 MHz
2025-05-07 15:49:44.6,prefill_decode_batch_size_2,NVIDIA A800 80GB PCIe,0,4,0.00 GB/s,0.00 %,0.00 %,0.00 %,0.00 %,1410 MHz,0.00 %,90.02 %,145.48 W,0.00 GB/s,16,1410 MHz,5.7 %,9.21 W,59.00 °C,86.71 W,0.12 GB/s,8.1 %,0.05 GB/s,0.00 %,58.00 °C,1512 MHz
2025-05-07 15:49:44.7,prefill_decode_batch_size_2,NVIDIA A800 80GB PCIe,0,4,0.00 GB/s,0.00 %,0.00 %,0.00 %,0.00 %,1410 MHz,0.00 %,90.02 %,144.02 W,0.00 GB/s,16,1410 MHz,5.7 %,9.23 W,59.00 °C,86.71 W,0.12 GB/s,3.4 %,0.05 GB/s,0.00 %,58.00 °C,1512 MHz
2025-05-07 15:49:44.8,prefill_decode_batch_size_2,NVIDIA A800 80GB PCIe,0,4,0.00 GB/s,0.00 %,0.00 %,0.00 %,0.00 %,1410 MHz,0.00 %,90.02 %,147.38 W,0.00 GB/s,16,1410 MHz,5.7 %,9.52 W,59.00 °C,87.41 W,0.12 GB/s,3.1 %,0.05 GB/s,0.00 %,57.00 °C,1512 MHz
2025-05-07 15:49:44.9,prefill_decode_batch_size_2,NVIDIA A800 80GB PCIe,0,4,0.00 GB/s,0.00 %,0.00 %,0.00 %,0.00 %,1410 MHz,0.00 %,90.02 %,148.42 W,0.00 GB/s,16,1410 MHz,5.7 %,9.21 W,59.00 °C,80.13 W,0.12 GB/s,3.1 %,0.05 GB/s,0.00 %,57.00 °C,1512 MHz
2025-05-07 15:49:45.0,prefill_decode_batch_size_2,NVIDIA A800 80GB PCIe,0,4,0.00 GB/s,0.00 %,0.00 %,0.00 %,0.00 %,1410 MHz,0.00 %,90.02 %,145.87 W,0.00 GB/s,16,1410 MHz,5.7 %,9.00 W,59.00 °C,86.91 W,0.12 GB/s,2.2 %,0.05 GB/s,0.00 %,58.00 °C,1512 MHz
2025-05-07 15:49:45.1,prefill_decode_batch_size_2,NVIDIA A800 80GB PCIe,0,4,0.00 GB/s,0.00 %,0.00 %,0.00 %,0.00 %,1410 MHz,0.00 %,90.02 %,152.28 W,0.00 GB/s,16,1410 MHz,5.7 %,9.19 W,59.00 °C,83.57 W,0.12 GB/s,2.8 %,0.05 GB/s,0.00 %,57.00 °C,1512 MHz
2025-05-07 15:49:45.2,prefill_decode_batch_size_2,NVIDIA A800 80GB PCIe,0,4,0.00 GB/s,0.00 %,0.00 %,0.00 %,0.00 %,1410 MHz,0.00 %,90.02 %,143.15 W,0.00 GB/s,16,1410 MHz,5.7 %,9.26 W,59.00 °C,83.38 W,0.12 GB/s,1.6 %,0.05 GB/s,0.00 %,57.00 °C,1512 MHz
2025-05-07 15:49:45.3,prefill_decode_batch_size_2,NVIDIA A800 80GB PCIe,0,4,0.00 GB/s,0.00 %,0.00 %,0.00 %,0.00 %,1410 MHz,0.00 %,90.02 %,143.17 W,0.00 GB/s,16,1410 MHz,5.7 %,9.28 W,59.00 °C,83.29 W,0.12 GB/s,1.5 %,0.05 GB/s,0.00 %,57.00 °C,1512 MHz
2025-05-07 15:49:45.4,prefill_decode_batch_size_2,NVIDIA A800 80GB PCIe,0,4,0.00 GB/s,0.00 %,0.00 %,0.00 %,0.00 %,1410 MHz,0.00 %,90.02 %,149.52 W,0.00 GB/s,16,1410 MHz,5.7 %,9.20 W,59.00 °C,81.88 W,0.12 GB/s,1.6 %,0.05 GB/s,0.00 %,57.00 °C,1512 MHz
2025-05-07 15:49:45.5,prefill_decode_batch_size_2,NVIDIA A800 80GB PCIe,0,4,0.00 GB/s,0.00 %,0.00 %,0.00 %,0.00 %,1410 MHz,0.00 %,90.02 %,146.39 W,0.00 GB/s,16,1410 MHz,5.7 %,9.09 W,59.00 °C,81.40 W,0.12 GB/s,1.6 %,0.05 GB/s,0.00 %,57.00 °C,1512 MHz
2025-05-07 15:49:45.6,prefill_decode_batch_size_2,NVIDIA A800 80GB PCIe,0,4,0.00 GB/s,0.00 %,0.00 %,0.00 %,0.00 %,1410 MHz,0.00 %,90.02 %,143.51 W,0.00 GB/s,16,1410 MHz,5.7 %,9.18 W,59.00 °C,81.59 W,0.12 GB/s,1.5 %,0.05 GB/s,0.00 %,57.00 °C,1512 MHz
2025-05-07 15:49:45.7,prefill_decode_batch_size_2,NVIDIA A800 80GB PCIe,0,4,0.00 GB/s,0.00 %,0.00 %,0.00 %,0.00 %,1410 MHz,0.00 %,90.02 %,141.19 W,0.00 GB/s,16,1410 MHz,5.7 %,9.05 W,59.00 °C,82.18 W,0.12 GB/s,1.5 %,0.05 GB/s,0.00 %,57.00 °C,1512 MHz
2025-05-07 15:49:45.8,prefill_decode_batch_size_2,NVIDIA A800 80GB PCIe,0,4,0.00 GB/s,0.00 %,0.00 %,0.00 %,0.00 %,1410 MHz,0.00 %,90.02 %,142.92 W,0.00 GB/s,16,1410 MHz,5.7 %,9.10 W,59.00 °C,82.18 W,0.12 GB/s,1.9 %,0.05 GB/s,0.00 %,57.00 °C,1512 MHz
2025-05-07 15:49:45.9,prefill_decode_batch_size_2,NVIDIA A800 80GB PCIe,0,4,0.00 GB/s,0.00 %,0.00 %,0.00 %,0.00 %,1410 MHz,0.00 %,90.02 %,145.23 W,0.00 GB/s,16,1410 MHz,5.7 %,9.19 W,59.00 °C,80.83 W,0.12 GB/s,1.6 %,0.05 GB/s,0.00 %,57.00 °C,1512 MHz
2025-05-07 15:49:46.0,prefill_decode_batch_size_2,NVIDIA A800 80GB PCIe,0,4,0.00 GB/s,0.00 %,0.00 %,0.00 %,0.00 %,1410 MHz,0.00 %,90.02 %,133.39 W,0.00 GB/s,16,1410 MHz,5.7 %,9.06 W,59.00 °C,80.53 W,0.12 GB/s,2.5 %,0.05 GB/s,0.00 %,57.00 °C,1512 MHz
2025-05-07 15:49:46.1,prefill_decode_batch_size_2,NVIDIA A800 80GB PCIe,0,4,0.00 GB/s,0.00 %,0.00 %,0.00 %,0.00 %,1410 MHz,0.00 %,90.02 %,128.17 W,0.00 GB/s,16,1410 MHz,5.7 %,9.17 W,59.00 °C,80.74 W,0.12 GB/s,1.9 %,0.05 GB/s,0.00 %,57.00 °C,1512 MHz
2025-05-07 15:49:46.2,prefill_decode_batch_size_2,NVIDIA A800 80GB PCIe,0,4,0.00 GB/s,0.00 %,0.00 %,0.00 %,0.00 %,1410 MHz,0.00 %,90.02 %,128.84 W,0.00 GB/s,16,1410 MHz,5.7 %,9.18 W,59.00 °C,80.45 W,0.12 GB/s,1.8 %,0.05 GB/s,0.00 %,57.00 °C,1512 MHz
2025-05-07 15:49:46.3,prefill_decode_batch_size_2,NVIDIA A800 80GB PCIe,0,4,0.00 GB/s,0.00 %,0.00 %,0.00 %,0.00 %,1410 MHz,0.00 %,90.02 %,130.57 W,0.00 GB/s,16,1410 MHz,5.7 %,9.32 W,59.00 °C,80.75 W,0.12 GB/s,2.2 %,0.05 GB/s,0.00 %,57.00 °C,1512 MHz
2025-05-07 15:49:46.4,prefill_decode_batch_size_2,NVIDIA A800 80GB PCIe,0,4,0.00 GB/s,0.00 %,0.00 %,0.00 %,0.00 %,1410 MHz,0.00 %,90.02 %,132.32 W,0.00 GB/s,16,1410 MHz,5.7 %,9.30 W,59.00 °C,80.43 W,0.12 GB/s,1.9 %,0.05 GB/s,0.00 %,57.00 °C,1512 MHz
2025-05-07 15:49:46.5,prefill_decode_batch_size_2,NVIDIA A800 80GB PCIe,0,4,0.00 GB/s,0.00 %,0.00 %,0.00 %,0.00 %,1410 MHz,0.00 %,90.02 %,130.58 W,0.00 GB/s,16,1410 MHz,5.7 %,9.33 W,59.00 °C,80.83 W,0.12 GB/s,1.9 %,0.05 GB/s,0.00 %,57.00 °C,1512 MHz
2025-05-07 15:49:46.6,prefill_decode_batch_size_2,NVIDIA A800 80GB PCIe,0,4,0.00 GB/s,0.00 %,0.00 %,0.00 %,0.00 %,1410 MHz,0.00 %,90.02 %,129.03 W,0.00 GB/s,16,1410 MHz,5.7 %,9.21 W,59.00 °C,81.71 W,0.12 GB/s,2.2 %,0.05 GB/s,0.00 %,57.00 °C,1512 MHz
2025-05-07 15:49:46.7,prefill_decode_batch_size_2,NVIDIA A800 80GB PCIe,0,4,0.00 GB/s,0.00 %,0.00 %,0.00 %,0.00 %,1410 MHz,0.00 %,90.02 %,130.02 W,0.00 GB/s,16,1410 MHz,5.7 %,9.31 W,59.00 °C,80.90 W,0.12 GB/s,1.6 %,0.05 GB/s,0.00 %,57.00 °C,1512 MHz
2025-05-07 15:49:46.8,prefill_decode_batch_size_2,NVIDIA A800 80GB PCIe,0,4,0.00 GB/s,0.00 %,0.00 %,0.00 %,0.00 %,1410 MHz,0.00 %,90.02 %,128.92 W,0.00 GB/s,16,1410 MHz,5.7 %,9.28 W,59.00 °C,81.13 W,0.12 GB/s,2.1 %,0.05 GB/s,0.00 %,57.00 °C,1512 MHz
2025-05-07 15:49:46.9,prefill_decode_batch_size_2,NVIDIA A800 80GB PCIe,0,4,0.00 GB/s,0.00 %,0.00 %,0.00 %,0.00 %,1410 MHz,0.00 %,90.02 %,124.20 W,0.00 GB/s,16,1410 MHz,5.7 %,9.13 W,59.00 °C,82.02 W,0.12 GB/s,1.9 %,0.05 GB/s,0.00 %,57.00 °C,1512 MHz
2025-05-07 15:49:47.0,prefill_decode_batch_size_2,NVIDIA A800 80GB PCIe,0,4,0.00 GB/s,0.00 %,0.00 %,0.00 %,0.00 %,1410 MHz,0.00 %,90.02 %,132.33 W,0.00 GB/s,16,1410 MHz,5.7 %,9.22 W,59.00 °C,80.13 W,0.12 GB/s,4.3 %,0.05 GB/s,0.00 %,57.00 °C,1512 MHz
2025-05-07 15:49:47.1,prefill_decode_batch_size_2,NVIDIA A800 80GB PCIe,0,4,0.00 GB/s,0.00 %,0.00 %,0.00 %,0.00 %,1410 MHz,0.00 %,90.02 %,149.90 W,0.00 GB/s,16,1410 MHz,5.7 %,9.12 W,59.00 °C,80.13 W,0.12 GB/s,1.6 %,0.05 GB/s,0.00 %,57.00 °C,1512 MHz
2025-05-07 15:49:47.2,prefill_decode_batch_size_2,NVIDIA A800 80GB PCIe,0,4,0.00 GB/s,0.00 %,0.00 %,0.00 %,0.00 %,1410 MHz,0.00 %,90.02 %,152.44 W,0.00 GB/s,16,1410 MHz,5.7 %,9.00 W,59.00 °C,85.35 W,0.12 GB/s,1.6 %,0.05 GB/s,0.00 %,57.00 °C,1512 MHz
2025-05-07 15:49:47.3,prefill_decode_batch_size_2,NVIDIA A800 80GB PCIe,0,4,0.00 GB/s,0.00 %,0.00 %,0.00 %,0.00 %,1410 MHz,0.00 %,90.02 %,145.34 W,0.00 GB/s,16,1410 MHz,5.7 %,9.46 W,59.00 °C,80.43 W,0.12 GB/s,3.4 %,0.05 GB/s,0.00 %,57.00 °C,1512 MHz
2025-05-07 15:49:47.4,prefill_decode_batch_size_2,NVIDIA A800 80GB PCIe,0,4,0.00 GB/s,0.00 %,0.00 %,0.00 %,0.00 %,1410 MHz,0.00 %,90.02 %,146.57 W,0.00 GB/s,16,1410 MHz,5.7 %,9.24 W,59.00 °C,80.82 W,0.12 GB/s,1.6 %,0.05 GB/s,0.00 %,57.00 °C,1512 MHz
2025-05-07 15:49:47.5,prefill_decode_batch_size_2,NVIDIA A800 80GB PCIe,0,4,0.00 GB/s,0.00 %,0.00 %,0.00 %,0.00 %,1410 MHz,0.00 %,90.02 %,148.97 W,0.00 GB/s,16,1410 MHz,5.7 %,9.03 W,59.00 °C,80.23 W,0.12 GB/s,1.5 %,0.05 GB/s,0.00 %,57.00 °C,1512 MHz
2025-05-07 15:49:47.6,prefill_decode_batch_size_2,NVIDIA A800 80GB PCIe,0,4,0.00 GB/s,0.00 %,0.00 %,0.00 %,0.00 %,1410 MHz,0.00 %,90.02 %,149.03 W,0.00 GB/s,16,1410 MHz,5.7 %,9.16 W,59.00 °C,80.13 W,0.12 GB/s,0.6 %,0.05 GB/s,0.00 %,57.00 °C,1512 MHz
2025-05-07 15:49:47.7,prefill_decode_batch_size_2,NVIDIA A800 80GB PCIe,0,4,0.00 GB/s,0.00 %,0.00 %,0.00 %,0.00 %,1410 MHz,0.00 %,90.02 %,144.72 W,0.00 GB/s,16,1410 MHz,5.7 %,9.04 W,59.00 °C,80.13 W,0.12 GB/s,1.5 %,0.05 GB/s,0.00 %,57.00 °C,1512 MHz
2025-05-07 15:49:47.8,prefill_decode_batch_size_2,NVIDIA A800 80GB PCIe,0,4,0.00 GB/s,0.00 %,0.00 %,0.00 %,0.00 %,1410 MHz,0.00 %,90.02 %,149.22 W,0.00 GB/s,16,1410 MHz,5.7 %,9.14 W,59.00 °C,86.13 W,0.12 GB/s,2.5 %,0.05 GB/s,0.00 %,57.00 °C,1512 MHz
2025-05-07 15:49:47.9,prefill_decode_batch_size_2,NVIDIA A800 80GB PCIe,0,4,0.00 GB/s,0.00 %,0.00 %,0.00 %,0.00 %,1410 MHz,0.00 %,90.02 %,147.73 W,0.00 GB/s,16,1410 MHz,5.7 %,9.20 W,59.00 °C,80.44 W,0.12 GB/s,1.6 %,0.05 GB/s,0.00 %,57.00 °C,1512 MHz
2025-05-07 15:49:48.0,prefill_decode_batch_size_2,NVIDIA A800 80GB PCIe,0,4,0.00 GB/s,0.00 %,0.00 %,0.00 %,0.00 %,1410 MHz,0.00 %,90.02 %,148.89 W,0.00 GB/s,16,1410 MHz,5.7 %,8.81 W,59.00 °C,80.32 W,0.12 GB/s,1.9 %,0.05 GB/s,0.00 %,57.00 °C,1512 MHz
2025-05-07 15:49:48.1,prefill_decode_batch_size_2,NVIDIA A800 80GB PCIe,0,4,0.00 GB/s,0.00 %,0.00 %,0.00 %,0.00 %,1410 MHz,0.00 %,90.02 %,148.01 W,0.00 GB/s,16,1410 MHz,5.7 %,9.06 W,59.00 °C,81.23 W,0.12 GB/s,1.9 %,0.05 GB/s,0.00 %,57.00 °C,1512 MHz
2025-05-07 15:49:48.2,prefill_decode_batch_size_2,NVIDIA A800 80GB PCIe,0,4,0.00 GB/s,0.00 %,0.00 %,0.00 %,0.00 %,1410 MHz,0.00 %,90.02 %,145.52 W,0.00 GB/s,16,1410 MHz,5.7 %,9.23 W,59.00 °C,81.11 W,0.12 GB/s,1.9 %,0.05 GB/s,0.00 %,57.00 °C,1512 MHz
2025-05-07 15:49:48.3,prefill_decode_batch_size_2,NVIDIA A800 80GB PCIe,0,4,0.00 GB/s,0.00 %,0.00 %,0.00 %,0.00 %,1410 MHz,0.00 %,90.02 %,152.02 W,0.00 GB/s,16,1410 MHz,5.7 %,9.09 W,59.00 °C,80.06 W,0.12 GB/s,0.9 %,0.05 GB/s,0.00 %,57.00 °C,1512 MHz
2025-05-07 15:49:48.5,prefill_decode_batch_size_2,NVIDIA A800 80GB PCIe,0,4,0.00 GB/s,0.00 %,0.00 %,0.00 %,0.00 %,1410 MHz,0.00 %,90.02 %,148.38 W,0.00 GB/s,16,1410 MHz,5.7 %,9.20 W,59.00 °C,80.06 W,0.12 GB/s,1.9 %,0.05 GB/s,0.00 %,56.00 °C,1512 MHz
2025-05-07 15:49:48.6,prefill_decode_batch_size_2,NVIDIA A800 80GB PCIe,0,4,0.00 GB/s,0.00 %,0.00 %,0.00 %,0.00 %,1410 MHz,0.00 %,90.02 %,148.93 W,0.00 GB/s,16,1410 MHz,5.7 %,9.09 W,59.00 °C,87.70 W,0.12 GB/s,1.8 %,0.05 GB/s,0.00 %,57.00 °C,1512 MHz
2025-05-07 15:49:48.7,prefill_decode_batch_size_2,NVIDIA A800 80GB PCIe,0,4,0.00 GB/s,0.00 %,0.00 %,0.00 %,0.00 %,1410 MHz,0.00 %,90.02 %,148.93 W,0.00 GB/s,16,1410 MHz,5.7 %,9.03 W,59.00 °C,80.04 W,0.12 GB/s,1.9 %,0.05 GB/s,0.00 %,57.00 °C,1512 MHz
2025-05-07 15:49:48.8,prefill_decode_batch_size_2,NVIDIA A800 80GB PCIe,0,4,0.00 GB/s,0.00 %,0.00 %,0.00 %,0.00 %,1410 MHz,0.00 %,90.02 %,146.80 W,0.00 GB/s,16,1410 MHz,5.7 %,8.99 W,59.00 °C,80.13 W,0.12 GB/s,2.2 %,0.05 GB/s,0.00 %,57.00 °C,1512 MHz
2025-05-07 15:49:48.9,prefill_decode_batch_size_2,NVIDIA A800 80GB PCIe,0,4,0.00 GB/s,0.00 %,0.00 %,0.00 %,0.00 %,1410 MHz,0.00 %,90.02 %,148.74 W,0.00 GB/s,16,1410 MHz,5.7 %,9.02 W,59.00 °C,80.13 W,0.12 GB/s,1.9 %,0.05 GB/s,0.00 %,57.00 °C,1512 MHz
2025-05-07 15:49:49.0,prefill_decode_batch_size_2,NVIDIA A800 80GB PCIe,0,4,0.00 GB/s,0.00 %,0.00 %,0.00 %,0.00 %,1410 MHz,0.00 %,90.02 %,148.85 W,0.00 GB/s,16,1410 MHz,5.7 %,9.22 W,59.00 °C,80.13 W,0.12 GB/s,1.9 %,0.05 GB/s,0.00 %,57.00 °C,1512 MHz
2025-05-07 15:49:49.1,prefill_decode_batch_size_2,NVIDIA A800 80GB PCIe,0,4,0.00 GB/s,0.00 %,0.00 %,0.00 %,0.00 %,1410 MHz,0.00 %,90.02 %,144.58 W,0.00 GB/s,16,1410 MHz,5.7 %,9.28 W,59.00 °C,80.33 W,0.12 GB/s,2.2 %,0.05 GB/s,0.00 %,56.00 °C,1512 MHz
2025-05-07 15:49:49.2,prefill_decode_batch_size_2,NVIDIA A800 80GB PCIe,0,4,0.00 GB/s,0.00 %,0.00 %,0.00 %,0.00 %,1410 MHz,0.00 %,90.02 %,133.21 W,0.00 GB/s,16,1410 MHz,5.7 %,9.32 W,59.00 °C,80.63 W,0.12 GB/s,3.4 %,0.05 GB/s,0.00 %,56.00 °C,1512 MHz
2025-05-07 15:49:49.3,prefill_decode_batch_size_2,NVIDIA A800 80GB PCIe,0,4,0.00 GB/s,0.00 %,0.00 %,0.00 %,0.00 %,1410 MHz,0.00 %,90.02 %,135.81 W,0.00 GB/s,16,1410 MHz,5.7 %,9.07 W,59.00 °C,80.33 W,0.12 GB/s,2.5 %,0.05 GB/s,0.00 %,56.00 °C,1512 MHz
2025-05-07 15:49:49.4,prefill_decode_batch_size_2,NVIDIA A800 80GB PCIe,0,4,0.00 GB/s,0.00 %,0.00 %,0.00 %,0.00 %,1410 MHz,0.00 %,90.02 %,147.66 W,0.00 GB/s,16,1410 MHz,5.7 %,9.25 W,59.00 °C,80.33 W,0.12 GB/s,1.5 %,0.05 GB/s,0.00 %,56.00 °C,1512 MHz
2025-05-07 15:49:49.5,prefill_decode_batch_size_2,NVIDIA A800 80GB PCIe,0,4,0.00 GB/s,0.00 %,0.00 %,0.00 %,0.00 %,1410 MHz,0.00 %,90.02 %,146.37 W,0.00 GB/s,16,1410 MHz,5.7 %,8.97 W,59.00 °C,80.43 W,0.12 GB/s,1.9 %,0.05 GB/s,0.00 %,56.00 °C,1512 MHz
2025-05-07 15:49:49.6,prefill_decode_batch_size_2,NVIDIA A800 80GB PCIe,0,4,0.00 GB/s,0.00 %,0.00 %,0.00 %,0.00 %,1410 MHz,0.00 %,90.02 %,142.74 W,0.00 GB/s,16,1410 MHz,5.7 %,9.17 W,59.00 °C,80.04 W,0.12 GB/s,1.6 %,0.05 GB/s,0.00 %,56.00 °C,1512 MHz
2025-05-07 15:49:49.7,prefill_decode_batch_size_2,NVIDIA A800 80GB PCIe,0,4,0.00 GB/s,0.00 %,0.00 %,0.00 %,0.00 %,1410 MHz,0.00 %,90.02 %,147.54 W,0.00 GB/s,16,1410 MHz,5.7 %,9.17 W,57.00 °C,80.25 W,0.12 GB/s,2.2 %,0.05 GB/s,0.00 %,56.00 °C,1512 MHz
2025-05-07 15:49:49.8,prefill_decode_batch_size_2,NVIDIA A800 80GB PCIe,0,4,0.00 GB/s,0.00 %,0.00 %,0.00 %,0.00 %,1410 MHz,0.00 %,90.02 %,145.59 W,0.00 GB/s,16,1410 MHz,5.7 %,9.14 W,57.00 °C,80.13 W,0.12 GB/s,2.2 %,0.05 GB/s,0.00 %,56.00 °C,1512 MHz
2025-05-07 15:49:49.9,prefill_decode_batch_size_2,NVIDIA A800 80GB PCIe,0,4,0.00 GB/s,0.00 %,0.00 %,0.00 %,0.00 %,1410 MHz,0.00 %,90.02 %,147.29 W,0.00 GB/s,16,1410 MHz,5.7 %,9.07 W,57.00 °C,80.13 W,0.12 GB/s,1.9 %,0.05 GB/s,0.00 %,56.00 °C,1512 MHz
2025-05-07 15:49:50.0,prefill_decode_batch_size_2,NVIDIA A800 80GB PCIe,0,4,0.00 GB/s,0.00 %,0.00 %,0.00 %,0.00 %,1410 MHz,0.00 %,90.02 %,149.99 W,0.00 GB/s,16,1410 MHz,5.7 %,9.02 W,57.00 °C,80.13 W,0.12 GB/s,1.5 %,0.05 GB/s,0.00 %,56.00 °C,1512 MHz
2025-05-07 15:49:50.1,prefill_decode_batch_size_2,NVIDIA A800 80GB PCIe,0,4,0.00 GB/s,0.00 %,0.00 %,0.00 %,0.00 %,1410 MHz,0.00 %,90.02 %,149.82 W,0.00 GB/s,16,1410 MHz,5.7 %,9.01 W,57.00 °C,80.35 W,0.12 GB/s,1.9 %,0.05 GB/s,0.00 %,56.00 °C,1512 MHz
2025-05-07 15:49:50.2,prefill_decode_batch_size_2,NVIDIA A800 80GB PCIe,0,4,0.00 GB/s,0.00 %,0.00 %,0.00 %,0.00 %,1410 MHz,0.00 %,90.02 %,146.11 W,0.00 GB/s,16,1410 MHz,5.7 %,9.04 W,57.00 °C,79.77 W,0.12 GB/s,1.6 %,0.05 GB/s,0.00 %,56.00 °C,1512 MHz
2025-05-07 15:49:50.3,prefill_decode_batch_size_2,NVIDIA A800 80GB PCIe,0,4,0.00 GB/s,0.00 %,0.00 %,0.00 %,0.00 %,1410 MHz,0.00 %,90.02 %,148.03 W,0.00 GB/s,16,1410 MHz,5.7 %,9.01 W,57.00 °C,79.77 W,0.12 GB/s,1.9 %,0.05 GB/s,0.00 %,56.00 °C,1512 MHz
2025-05-07 15:49:50.4,prefill_decode_batch_size_2,NVIDIA A800 80GB PCIe,0,4,0.00 GB/s,0.00 %,0.00 %,0.00 %,0.00 %,1410 MHz,0.00 %,90.02 %,145.71 W,0.00 GB/s,16,1410 MHz,5.7 %,9.38 W,57.00 °C,79.86 W,0.12 GB/s,2.5 %,0.05 GB/s,0.00 %,56.00 °C,1512 MHz
2025-05-07 15:49:50.5,prefill_decode_batch_size_2,NVIDIA A800 80GB PCIe,0,4,0.00 GB/s,0.00 %,0.00 %,0.00 %,0.00 %,1410 MHz,0.00 %,90.02 %,147.44 W,0.00 GB/s,16,1410 MHz,5.7 %,9.25 W,57.00 °C,79.77 W,0.12 GB/s,3.7 %,0.05 GB/s,0.00 %,56.00 °C,1512 MHz
2025-05-07 15:49:50.6,prefill_decode_batch_size_2,NVIDIA A800 80GB PCIe,0,4,0.00 GB/s,0.00 %,0.00 %,0.00 %,0.00 %,1410 MHz,0.00 %,90.02 %,148.85 W,0.00 GB/s,16,1410 MHz,5.7 %,8.97 W,57.00 °C,79.67 W,0.12 GB/s,1.5 %,0.05 GB/s,0.00 %,56.00 °C,1512 MHz
2025-05-07 15:49:50.7,prefill_decode_batch_size_2,NVIDIA A800 80GB PCIe,0,4,0.00 GB/s,0.00 %,0.00 %,0.00 %,0.00 %,1410 MHz,0.00 %,90.02 %,149.46 W,0.00 GB/s,16,1410 MHz,5.7 %,9.08 W,57.00 °C,79.47 W,0.12 GB/s,2.2 %,0.05 GB/s,0.00 %,56.00 °C,1512 MHz
2025-05-07 15:49:50.8,prefill_decode_batch_size_2,NVIDIA A800 80GB PCIe,0,4,0.00 GB/s,0.00 %,0.00 %,0.00 %,0.00 %,1410 MHz,0.00 %,90.02 %,149.50 W,0.00 GB/s,16,1410 MHz,5.7 %,9.16 W,57.00 °C,80.13 W,0.12 GB/s,1.8 %,0.05 GB/s,0.00 %,56.00 °C,1512 MHz
2025-05-07 15:49:50.9,prefill_decode_batch_size_2,NVIDIA A800 80GB PCIe,0,4,0.00 GB/s,0.00 %,0.00 %,0.00 %,0.00 %,1410 MHz,0.00 %,90.02 %,146.11 W,0.00 GB/s,16,1410 MHz,5.7 %,9.21 W,57.00 °C,81.13 W,0.12 GB/s,1.9 %,0.05 GB/s,0.00 %,56.00 °C,1512 MHz
2025-05-07 15:49:51.0,prefill_decode_batch_size_2,NVIDIA A800 80GB PCIe,0,4,0.00 GB/s,0.00 %,0.00 %,0.00 %,0.00 %,1410 MHz,0.00 %,90.02 %,146.54 W,0.00 GB/s,16,1410 MHz,5.7 %,9.12 W,57.00 °C,80.93 W,0.12 GB/s,1.6 %,0.05 GB/s,0.00 %,56.00 °C,1512 MHz
2025-05-07 15:49:51.1,prefill_decode_batch_size_2,NVIDIA A800 80GB PCIe,0,4,0.00 GB/s,0.00 %,0.00 %,0.00 %,0.00 %,1410 MHz,0.00 %,90.02 %,146.06 W,0.00 GB/s,16,1410 MHz,5.7 %,9.10 W,57.00 °C,80.72 W,0.12 GB/s,1.9 %,0.05 GB/s,0.00 %,56.00 °C,1512 MHz
2025-05-07 15:49:51.2,prefill_decode_batch_size_2,NVIDIA A800 80GB PCIe,0,4,0.00 GB/s,0.00 %,0.00 %,0.00 %,0.00 %,1410 MHz,0.00 %,90.02 %,146.19 W,0.00 GB/s,16,1410 MHz,5.7 %,8.97 W,57.00 °C,81.42 W,0.12 GB/s,1.5 %,0.05 GB/s,0.00 %,56.00 °C,1512 MHz
2025-05-07 15:49:51.3,prefill_decode_batch_size_2,NVIDIA A800 80GB PCIe,0,4,0.00 GB/s,0.00 %,0.00 %,0.00 %,0.00 %,1410 MHz,0.00 %,90.02 %,146.36 W,0.00 GB/s,16,1410 MHz,5.7 %,9.08 W,57.00 °C,81.51 W,0.12 GB/s,2.1 %,0.05 GB/s,0.00 %,56.00 °C,1512 MHz
2025-05-07 15:49:51.4,prefill_decode_batch_size_2,NVIDIA A800 80GB PCIe,0,4,0.00 GB/s,0.00 %,0.00 %,0.00 %,0.00 %,1410 MHz,0.00 %,90.02 %,147.34 W,0.00 GB/s,16,1410 MHz,5.7 %,9.09 W,57.00 °C,81.23 W,0.12 GB/s,1.8 %,0.05 GB/s,0.00 %,56.00 °C,1512 MHz
2025-05-07 15:49:51.5,prefill_decode_batch_size_2,NVIDIA A800 80GB PCIe,0,4,0.00 GB/s,0.00 %,0.00 %,0.00 %,0.00 %,1410 MHz,0.00 %,90.02 %,148.09 W,0.00 GB/s,16,1410 MHz,5.7 %,9.05 W,57.00 °C,82.21 W,0.12 GB/s,0.3 %,0.05 GB/s,0.00 %,56.00 °C,1512 MHz
2025-05-07 15:49:51.6,prefill_decode_batch_size_2,NVIDIA A800 80GB PCIe,0,4,0.00 GB/s,0.00 %,0.00 %,0.00 %,0.00 %,1410 MHz,0.00 %,90.02 %,146.37 W,0.00 GB/s,16,1410 MHz,5.7 %,9.22 W,57.00 °C,78.98 W,0.12 GB/s,3.4 %,0.05 GB/s,0.00 %,56.00 °C,1512 MHz
2025-05-07 15:49:51.7,prefill_decode_batch_size_2,NVIDIA A800 80GB PCIe,0,4,0.00 GB/s,0.00 %,0.00 %,0.00 %,0.00 %,1410 MHz,0.00 %,90.02 %,126.98 W,0.00 GB/s,16,1410 MHz,5.7 %,9.22 W,57.00 °C,84.35 W,0.12 GB/s,1.6 %,0.05 GB/s,0.00 %,56.00 °C,1512 MHz
2025-05-07 15:49:51.8,prefill_decode_batch_size_2,NVIDIA A800 80GB PCIe,0,4,0.00 GB/s,0.00 %,0.00 %,0.00 %,0.00 %,1410 MHz,0.00 %,90.02 %,115.34 W,0.00 GB/s,16,1410 MHz,5.7 %,9.34 W,57.00 °C,79.47 W,0.12 GB/s,1.6 %,0.05 GB/s,0.00 %,56.00 °C,1512 MHz
2025-05-07 15:49:51.9,prefill_decode_batch_size_2,NVIDIA A800 80GB PCIe,0,4,0.00 GB/s,0.00 %,0.00 %,0.00 %,0.00 %,1410 MHz,0.00 %,90.02 %,108.24 W,0.00 GB/s,16,1410 MHz,5.7 %,9.36 W,57.00 °C,79.47 W,0.12 GB/s,1.6 %,0.05 GB/s,0.00 %,56.00 °C,1512 MHz
2025-05-07 15:49:52.0,prefill_decode_batch_size_2,NVIDIA A800 80GB PCIe,0,4,0.00 GB/s,0.00 %,0.00 %,0.00 %,0.00 %,1410 MHz,0.00 %,90.02 %,98.54 W,0.00 GB/s,16,1410 MHz,5.7 %,9.14 W,57.00 °C,79.17 W,0.12 GB/s,1.9 %,0.05 GB/s,0.00 %,56.00 °C,1512 MHz
2025-05-07 15:49:52.1,prefill_decode_batch_size_2,NVIDIA A800 80GB PCIe,0,4,0.00 GB/s,0.00 %,0.00 %,0.00 %,0.00 %,1410 MHz,0.00 %,90.02 %,91.17 W,0.00 GB/s,16,1410 MHz,5.7 %,9.44 W,57.00 °C,79.17 W,0.11 GB/s,1.8 %,0.04 GB/s,0.00 %,56.00 °C,1512 MHz
2025-05-07 15:49:52.2,prefill_decode_batch_size_2,NVIDIA A800 80GB PCIe,0,4,0.00 GB/s,0.00 %,0.00 %,0.00 %,0.00 %,1410 MHz,0.00 %,90.02 %,89.04 W,0.00 GB/s,16,1410 MHz,5.7 %,9.22 W,57.00 °C,79.27 W,0.11 GB/s,0.3 %,0.05 GB/s,0.00 %,56.00 °C,1512 MHz
2025-05-07 15:49:52.3,prefill_decode_batch_size_2,NVIDIA A800 80GB PCIe,0,4,0.00 GB/s,0.00 %,0.00 %,0.00 %,0.00 %,1410 MHz,0.00 %,90.02 %,82.70 W,0.00 GB/s,16,1410 MHz,5.7 %,9.20 W,57.00 °C,79.08 W,0.11 GB/s,2.2 %,0.05 GB/s,0.00 %,56.00 °C,1512 MHz
2025-05-07 15:49:52.4,prefill_decode_batch_size_2,NVIDIA A800 80GB PCIe,0,4,0.00 GB/s,0.00 %,0.00 %,0.00 %,0.00 %,1410 MHz,0.00 %,90.02 %,82.81 W,0.00 GB/s,16,1410 MHz,5.7 %,9.40 W,57.00 °C,87.12 W,0.11 GB/s,1.9 %,0.04 GB/s,0.00 %,56.00 °C,1512 MHz
2025-05-07 15:49:52.5,prefill_decode_batch_size_2,NVIDIA A800 80GB PCIe,0,4,0.00 GB/s,0.00 %,0.00 %,0.00 %,0.00 %,1410 MHz,0.00 %,90.02 %,83.73 W,0.00 GB/s,16,1410 MHz,5.7 %,9.23 W,57.00 °C,78.59 W,0.11 GB/s,1.8 %,0.05 GB/s,0.00 %,56.00 °C,1512 MHz
2025-05-07 15:49:52.6,prefill_decode_batch_size_2,NVIDIA A800 80GB PCIe,0,4,0.00 GB/s,0.00 %,0.00 %,0.00 %,0.00 %,1410 MHz,0.00 %,90.02 %,81.32 W,0.00 GB/s,16,1410 MHz,5.7 %,9.28 W,57.00 °C,78.69 W,0.11 GB/s,1.9 %,0.04 GB/s,0.00 %,56.00 °C,1512 MHz
2025-05-07 15:49:52.7,prefill_decode_batch_size_2,NVIDIA A800 80GB PCIe,0,4,0.00 GB/s,0.00 %,0.00 %,0.00 %,0.00 %,1410 MHz,0.00 %,90.02 %,82.40 W,0.00 GB/s,16,1410 MHz,5.7 %,9.30 W,57.00 °C,78.49 W,0.11 GB/s,1.8 %,0.04 GB/s,0.00 %,56.00 °C,1512 MHz
2025-05-07 15:49:52.8,prefill_decode_batch_size_2,NVIDIA A800 80GB PCIe,0,4,0.00 GB/s,0.00 %,0.00 %,0.00 %,0.00 %,1410 MHz,0.00 %,90.02 %,82.14 W,0.00 GB/s,16,1410 MHz,5.7 %,9.41 W,57.00 °C,78.59 W,0.11 GB/s,1.9 %,0.05 GB/s,0.00 %,55.00 °C,1512 MHz
2025-05-07 15:49:52.9,prefill_decode_batch_size_2,NVIDIA A800 80GB PCIe,0,4,0.00 GB/s,0.00 %,0.00 %,0.00 %,0.00 %,1410 MHz,0.00 %,90.02 %,83.57 W,0.00 GB/s,16,1410 MHz,5.7 %,9.34 W,57.00 °C,78.69 W,0.11 GB/s,2.8 %,0.04 GB/s,0.00 %,55.00 °C,1512 MHz
2025-05-07 15:49:53.0,prefill_decode_batch_size_2,NVIDIA A800 80GB PCIe,0,4,0.00 GB/s,0.00 %,0.00 %,0.00 %,0.00 %,1410 MHz,0.00 %,90.02 %,85.19 W,0.00 GB/s,16,1410 MHz,5.7 %,9.39 W,57.00 °C,78.88 W,0.10 GB/s,1.5 %,0.04 GB/s,0.00 %,55.00 °C,1512 MHz
2025-05-07 15:49:53.1,prefill_decode_batch_size_2,NVIDIA A800 80GB PCIe,0,4,0.00 GB/s,0.00 %,0.00 %,0.00 %,0.00 %,1410 MHz,0.00 %,90.02 %,85.06 W,0.00 GB/s,16,1410 MHz,5.7 %,9.30 W,57.00 °C,78.28 W,0.11 GB/s,0.6 %,0.05 GB/s,0.00 %,55.00 °C,1512 MHz
2025-05-07 15:49:53.2,prefill_decode_batch_size_2,NVIDIA A800 80GB PCIe,0,4,0.00 GB/s,0.00 %,0.00 %,0.00 %,0.00 %,1410 MHz,0.00 %,90.02 %,81.85 W,0.00 GB/s,16,1410 MHz,5.7 %,9.36 W,57.00 °C,78.78 W,0.11 GB/s,2.1 %,0.05 GB/s,0.00 %,55.00 °C,1512 MHz
2025-05-07 15:49:53.3,prefill_decode_batch_size_2,NVIDIA A800 80GB PCIe,0,4,0.00 GB/s,0.00 %,0.00 %,0.00 %,0.00 %,1410 MHz,0.00 %,90.02 %,82.78 W,0.00 GB/s,16,1410 MHz,5.7 %,9.33 W,57.00 °C,89.58 W,0.11 GB/s,1.9 %,0.04 GB/s,0.00 %,55.00 °C,1512 MHz
2025-05-07 15:49:53.4,prefill_decode_batch_size_2,NVIDIA A800 80GB PCIe,0,4,0.00 GB/s,0.00 %,0.00 %,0.00 %,0.00 %,1410 MHz,0.00 %,90.02 %,84.09 W,0.00 GB/s,16,1410 MHz,5.7 %,9.27 W,57.00 °C,79.37 W,0.11 GB/s,1.5 %,0.04 GB/s,0.00 %,55.00 °C,1512 MHz
2025-05-07 15:49:53.5,prefill_decode_batch_size_2,NVIDIA A800 80GB PCIe,0,4,0.00 GB/s,0.00 %,0.00 %,0.00 %,0.00 %,1410 MHz,0.00 %,90.02 %,83.27 W,0.00 GB/s,16,1410 MHz,5.7 %,9.36 W,57.00 °C,80.06 W,0.11 GB/s,3.1 %,0.04 GB/s,0.00 %,55.00 °C,1512 MHz
2025-05-07 15:49:53.6,prefill_decode_batch_size_2,NVIDIA A800 80GB PCIe,0,4,0.00 GB/s,0.00 %,0.00 %,0.00 %,0.00 %,1410 MHz,0.00 %,90.02 %,81.78 W,0.00 GB/s,16,1410 MHz,5.7 %,9.47 W,57.00 °C,79.67 W,0.11 GB/s,4.6 %,0.05 GB/s,0.00 %,55.00 °C,1512 MHz
2025-05-07 15:49:53.7,prefill_decode_batch_size_2,NVIDIA A800 80GB PCIe,0,4,0.00 GB/s,0.00 %,0.00 %,0.00 %,0.00 %,1410 MHz,0.00 %,90.02 %,84.30 W,0.00 GB/s,16,1410 MHz,5.7 %,9.44 W,57.00 °C,79.57 W,0.11 GB/s,1.8 %,0.05 GB/s,0.00 %,55.00 °C,1512 MHz
2025-05-07 15:49:53.8,prefill_decode_batch_size_2,NVIDIA A800 80GB PCIe,0,4,0.00 GB/s,0.00 %,0.00 %,0.00 %,0.00 %,1410 MHz,0.00 %,90.02 %,82.82 W,0.00 GB/s,16,1410 MHz,5.7 %,9.30 W,57.00 °C,79.67 W,0.11 GB/s,1.5 %,0.05 GB/s,0.00 %,55.00 °C,1512 MHz
2025-05-07 15:49:53.9,prefill_decode_batch_size_2,NVIDIA A800 80GB PCIe,0,4,0.00 GB/s,0.00 %,0.00 %,0.00 %,0.00 %,1410 MHz,0.00 %,90.02 %,83.10 W,0.00 GB/s,16,1410 MHz,5.7 %,9.09 W,57.00 °C,79.57 W,0.10 GB/s,2.2 %,0.04 GB/s,0.00 %,55.00 °C,1512 MHz
2025-05-07 15:49:54.0,prefill_decode_batch_size_2,NVIDIA A800 80GB PCIe,0,4,0.00 GB/s,0.00 %,0.00 %,0.00 %,0.00 %,1410 MHz,0.00 %,90.02 %,82.92 W,0.00 GB/s,16,1410 MHz,5.7 %,9.35 W,57.00 °C,79.57 W,0.11 GB/s,1.8 %,0.05 GB/s,0.00 %,55.00 °C,1512 MHz
2025-05-07 15:49:54.1,prefill_decode_batch_size_2,NVIDIA A800 80GB PCIe,0,4,0.00 GB/s,0.00 %,0.00 %,0.00 %,0.00 %,1410 MHz,0.00 %,90.02 %,82.86 W,0.00 GB/s,16,1410 MHz,5.7 %,9.35 W,57.00 °C,79.46 W,0.11 GB/s,1.9 %,0.05 GB/s,0.00 %,55.00 °C,1512 MHz
2025-05-07 15:49:54.2,prefill_decode_batch_size_2,NVIDIA A800 80GB PCIe,0,4,0.00 GB/s,0.00 %,0.00 %,0.00 %,0.00 %,1410 MHz,0.00 %,90.02 %,82.58 W,0.00 GB/s,16,1410 MHz,5.7 %,9.32 W,57.00 °C,79.17 W,0.11 GB/s,1.8 %,0.05 GB/s,0.00 %,55.00 °C,1512 MHz
2025-05-07 15:49:54.3,prefill_decode_batch_size_2,NVIDIA A800 80GB PCIe,0,4,0.00 GB/s,0.00 %,27.20 %,100.00 %,0.00 %,1410 MHz,0.00 %,90.02 %,83.29 W,0.00 GB/s,16,1410 MHz,5.7 %,9.07 W,57.00 °C,79.07 W,0.08 GB/s,3.7 %,0.04 GB/s,50.00 %,55.00 °C,1512 MHz
2025-05-07 15:49:54.4,prefill_decode_batch_size_2,NVIDIA A800 80GB PCIe,0,4,0.00 GB/s,0.00 %,24.90 %,100.00 %,0.00 %,1410 MHz,0.00 %,90.02 %,83.22 W,0.00 GB/s,16,1410 MHz,5.7 %,9.23 W,59.00 °C,79.08 W,0.08 GB/s,2.5 %,0.04 GB/s,44.90 %,59.00 °C,1512 MHz
2025-05-07 15:49:54.5,prefill_decode_batch_size_2,NVIDIA A800 80GB PCIe,0,4,0.00 GB/s,0.00 %,34.60 %,100.00 %,79.00 %,1410 MHz,34.00 %,90.02 %,84.02 W,0.00 GB/s,16,1410 MHz,5.7 %,9.20 W,61.00 °C,296.34 W,0.08 GB/s,4.0 %,0.05 GB/s,50.00 %,60.00 °C,1512 MHz
2025-05-07 15:49:54.6,prefill_decode_batch_size_2,NVIDIA A800 80GB PCIe,0,4,0.00 GB/s,0.00 %,35.30 %,100.00 %,79.00 %,1410 MHz,34.00 %,90.02 %,85.33 W,0.00 GB/s,16,1410 MHz,5.7 %,9.11 W,61.00 °C,295.74 W,0.09 GB/s,4.7 %,0.05 GB/s,50.00 %,60.00 °C,1512 MHz
2025-05-07 15:49:54.7,prefill_decode_batch_size_2,NVIDIA A800 80GB PCIe,0,4,0.00 GB/s,0.00 %,34.50 %,100.00 %,99.00 %,1410 MHz,50.00 %,90.02 %,86.45 W,0.00 GB/s,16,1410 MHz,5.7 %,9.32 W,63.00 °C,297.80 W,0.08 GB/s,8.2 %,0.05 GB/s,50.00 %,60.00 °C,1512 MHz
2025-05-07 15:49:54.8,prefill_decode_batch_size_2,NVIDIA A800 80GB PCIe,0,4,0.00 GB/s,0.00 %,34.40 %,100.00 %,99.00 %,1410 MHz,50.00 %,90.02 %,90.41 W,0.00 GB/s,16,1410 MHz,5.7 %,9.25 W,63.00 °C,290.97 W,0.09 GB/s,4.0 %,0.05 GB/s,50.00 %,60.00 °C,1512 MHz
2025-05-07 15:49:55.0,prefill_decode_batch_size_2,NVIDIA A800 80GB PCIe,0,4,0.00 GB/s,0.00 %,33.40 %,100.00 %,99.00 %,1410 MHz,53.00 %,90.02 %,125.80 W,0.00 GB/s,16,1410 MHz,5.7 %,9.09 W,63.00 °C,290.97 W,0.09 GB/s,4.3 %,0.06 GB/s,50.00 %,60.00 °C,1512 MHz
2025-05-07 15:49:55.1,prefill_decode_batch_size_2,NVIDIA A800 80GB PCIe,0,4,0.00 GB/s,0.00 %,29.80 %,100.00 %,99.00 %,1410 MHz,53.00 %,90.02 %,150.86 W,0.00 GB/s,16,1410 MHz,5.7 %,8.98 W,63.00 °C,297.93 W,0.10 GB/s,4.0 %,0.05 GB/s,43.70 %,60.00 °C,1512 MHz
2025-05-07 15:49:55.2,prefill_decode_batch_size_2,NVIDIA A800 80GB PCIe,0,4,0.00 GB/s,22.80 %,57.20 %,60.40 %,100.00 %,1410 MHz,53.00 %,90.02 %,148.24 W,0.00 GB/s,16,1410 MHz,5.7 %,9.09 W,63.00 °C,301.20 W,0.10 GB/s,3.1 %,0.14 GB/s,5.60 %,60.00 °C,1512 MHz
2025-05-07 15:49:55.3,prefill_decode_batch_size_2,NVIDIA A800 80GB PCIe,0,4,0.00 GB/s,0.00 %,33.70 %,100.00 %,100.00 %,1410 MHz,53.00 %,90.02 %,151.26 W,0.00 GB/s,16,1410 MHz,5.7 %,9.20 W,63.00 °C,292.06 W,0.09 GB/s,4.7 %,0.05 GB/s,50.00 %,60.00 °C,1512 MHz
2025-05-07 15:49:55.4,prefill_decode_batch_size_2,NVIDIA A800 80GB PCIe,0,4,0.00 GB/s,0.00 %,34.20 %,100.00 %,100.00 %,1410 MHz,53.00 %,90.02 %,151.38 W,0.00 GB/s,16,1410 MHz,5.7 %,9.12 W,65.00 °C,298.08 W,0.09 GB/s,3.1 %,0.05 GB/s,50.00 %,61.00 °C,1512 MHz
2025-05-07 15:49:55.5,prefill_decode_batch_size_2,NVIDIA A800 80GB PCIe,0,4,0.00 GB/s,0.00 %,33.50 %,100.00 %,100.00 %,1410 MHz,53.00 %,90.02 %,144.94 W,0.00 GB/s,16,1410 MHz,5.7 %,8.88 W,65.00 °C,296.96 W,0.09 GB/s,3.1 %,0.05 GB/s,50.00 %,61.00 °C,1512 MHz
2025-05-07 15:49:55.6,prefill_decode_batch_size_2,NVIDIA A800 80GB PCIe,0,4,0.00 GB/s,0.00 %,33.50 %,100.00 %,100.00 %,1410 MHz,53.00 %,90.02 %,149.29 W,0.00 GB/s,16,1410 MHz,5.7 %,9.09 W,65.00 °C,295.45 W,0.09 GB/s,2.1 %,0.05 GB/s,50.00 %,61.00 °C,1512 MHz
2025-05-07 15:49:55.7,prefill_decode_batch_size_2,NVIDIA A800 80GB PCIe,0,4,0.00 GB/s,0.00 %,34.10 %,100.00 %,100.00 %,1410 MHz,53.00 %,90.02 %,131.63 W,0.00 GB/s,16,1410 MHz,5.7 %,8.95 W,65.00 °C,295.20 W,0.09 GB/s,3.1 %,0.05 GB/s,50.00 %,61.00 °C,1512 MHz
2025-05-07 15:49:55.8,prefill_decode_batch_size_2,NVIDIA A800 80GB PCIe,0,4,0.00 GB/s,0.00 %,33.40 %,100.00 %,100.00 %,1410 MHz,53.00 %,90.02 %,152.51 W,0.00 GB/s,16,1410 MHz,5.7 %,9.15 W,65.00 °C,299.46 W,0.10 GB/s,5.9 %,0.05 GB/s,50.00 %,61.00 °C,1512 MHz
2025-05-07 15:49:55.9,prefill_decode_batch_size_2,NVIDIA A800 80GB PCIe,0,4,0.00 GB/s,0.00 %,33.50 %,100.00 %,100.00 %,1410 MHz,53.00 %,90.02 %,151.43 W,0.00 GB/s,16,1410 MHz,5.7 %,9.04 W,65.00 °C,298.69 W,0.09 GB/s,3.4 %,0.05 GB/s,50.00 %,61.00 °C,1512 MHz
2025-05-07 15:49:56.0,prefill_decode_batch_size_2,NVIDIA A800 80GB PCIe,0,4,0.00 GB/s,0.00 %,33.60 %,100.00 %,100.00 %,1410 MHz,53.00 %,90.02 %,151.64 W,0.00 GB/s,16,1410 MHz,5.7 %,8.92 W,65.00 °C,264.31 W,0.10 GB/s,3.7 %,0.05 GB/s,50.00 %,61.00 °C,1512 MHz
2025-05-07 15:49:56.1,prefill_decode_batch_size_2,NVIDIA A800 80GB PCIe,0,4,0.00 GB/s,22.70 %,56.00 %,52.80 %,100.00 %,1410 MHz,53.00 %,90.02 %,154.29 W,0.00 GB/s,16,1410 MHz,5.7 %,8.90 W,65.00 °C,300.24 W,0.11 GB/s,3.7 %,0.14 GB/s,4.30 %,61.00 °C,1512 MHz
2025-05-07 15:49:56.3,prefill_decode_batch_size_2,NVIDIA A800 80GB PCIe,0,4,0.00 GB/s,0.00 %,33.50 %,100.00 %,99.00 %,1410 MHz,53.00 %,90.02 %,129.57 W,0.00 GB/s,16,1410 MHz,5.7 %,9.09 W,65.00 °C,295.38 W,0.09 GB/s,4.0 %,0.06 GB/s,50.00 %,61.00 °C,1512 MHz
2025-05-07 15:49:56.4,prefill_decode_batch_size_2,NVIDIA A800 80GB PCIe,0,4,0.00 GB/s,0.00 %,27.70 %,87.00 %,100.00 %,1410 MHz,53.00 %,90.02 %,146.59 W,0.00 GB/s,16,1410 MHz,5.7 %,9.19 W,65.00 °C,295.85 W,0.11 GB/s,4.0 %,0.14 GB/s,43.60 %,61.00 °C,1512 MHz
2025-05-07 15:49:56.5,prefill_decode_batch_size_2,NVIDIA A800 80GB PCIe,0,4,0.00 GB/s,0.00 %,34.10 %,100.00 %,100.00 %,1410 MHz,53.00 %,90.02 %,131.23 W,0.00 GB/s,16,1410 MHz,5.7 %,8.98 W,65.00 °C,303.53 W,0.10 GB/s,2.2 %,0.06 GB/s,50.00 %,61.00 °C,1512 MHz
2025-05-07 15:49:56.7,prefill_decode_batch_size_2,NVIDIA A800 80GB PCIe,0,4,0.00 GB/s,0.00 %,33.40 %,100.00 %,100.00 %,1410 MHz,53.00 %,90.02 %,150.86 W,0.00 GB/s,16,1410 MHz,5.7 %,9.00 W,65.00 °C,294.59 W,0.10 GB/s,5.6 %,0.05 GB/s,50.00 %,61.00 °C,1512 MHz
2025-05-07 15:49:56.8,prefill_decode_batch_size_2,NVIDIA A800 80GB PCIe,0,4,0.00 GB/s,0.00 %,34.70 %,100.00 %,100.00 %,1410 MHz,53.00 %,90.02 %,148.78 W,0.00 GB/s,16,1410 MHz,5.7 %,9.09 W,65.00 °C,298.38 W,0.09 GB/s,3.1 %,0.05 GB/s,50.00 %,61.00 °C,1512 MHz
2025-05-07 15:49:56.9,prefill_decode_batch_size_2,NVIDIA A800 80GB PCIe,0,4,0.00 GB/s,4.10 %,26.70 %,65.40 %,100.00 %,1410 MHz,53.00 %,90.02 %,145.29 W,0.00 GB/s,16,1410 MHz,5.7 %,9.04 W,65.00 °C,300.45 W,0.12 GB/s,3.7 %,0.21 GB/s,29.20 %,61.00 °C,1512 MHz
2025-05-07 15:49:57.0,prefill_decode_batch_size_2,NVIDIA A800 80GB PCIe,0,4,0.00 GB/s,21.40 %,54.20 %,58.10 %,100.00 %,1410 MHz,53.00 %,90.02 %,148.40 W,0.00 GB/s,16,1410 MHz,5.7 %,8.79 W,65.00 °C,302.11 W,0.10 GB/s,3.4 %,0.13 GB/s,5.40 %,61.00 °C,1512 MHz
2025-05-07 15:49:57.1,prefill_decode_batch_size_2,NVIDIA A800 80GB PCIe,0,4,0.00 GB/s,0.00 %,33.40 %,100.00 %,100.00 %,1410 MHz,53.00 %,90.02 %,138.90 W,0.00 GB/s,16,1410 MHz,5.7 %,9.01 W,65.00 °C,296.14 W,0.10 GB/s,3.4 %,0.05 GB/s,50.00 %,61.00 °C,1512 MHz
2025-05-07 15:49:57.2,prefill_decode_batch_size_2,NVIDIA A800 80GB PCIe,0,4,0.00 GB/s,0.00 %,34.10 %,100.00 %,100.00 %,1410 MHz,53.00 %,90.02 %,146.68 W,0.00 GB/s,16,1410 MHz,5.7 %,9.08 W,65.00 °C,296.14 W,0.10 GB/s,3.4 %,0.06 GB/s,50.00 %,61.00 °C,1512 MHz
2025-05-07 15:49:57.3,prefill_decode_batch_size_2,NVIDIA A800 80GB PCIe,0,4,0.00 GB/s,0.00 %,33.80 %,100.00 %,100.00 %,1410 MHz,53.00 %,90.02 %,133.12 W,0.00 GB/s,16,1410 MHz,5.7 %,9.18 W,65.00 °C,293.13 W,0.09 GB/s,4.0 %,0.05 GB/s,50.00 %,61.00 °C,1512 MHz
2025-05-07 15:49:57.4,prefill_decode_batch_size_2,NVIDIA A800 80GB PCIe,0,4,0.00 GB/s,0.00 %,34.40 %,100.00 %,100.00 %,1410 MHz,53.00 %,90.02 %,146.39 W,0.00 GB/s,16,1410 MHz,5.7 %,8.95 W,65.00 °C,300.65 W,0.09 GB/s,3.1 %,0.06 GB/s,50.00 %,61.00 °C,1512 MHz
2025-05-07 15:49:57.5,prefill_decode_batch_size_2,NVIDIA A800 80GB PCIe,0,4,0.00 GB/s,0.00 %,33.60 %,100.00 %,99.00 %,1410 MHz,53.00 %,90.02 %,149.01 W,0.00 GB/s,16,1410 MHz,5.7 %,8.98 W,65.00 °C,296.32 W,0.09 GB/s,3.4 %,0.05 GB/s,50.00 %,61.00 °C,1512 MHz
2025-05-07 15:49:57.6,prefill_decode_batch_size_2,NVIDIA A800 80GB PCIe,0,4,0.00 GB/s,0.00 %,34.00 %,100.00 %,99.00 %,1410 MHz,53.00 %,90.02 %,136.14 W,0.00 GB/s,16,1410 MHz,5.7 %,9.09 W,65.00 °C,296.85 W,0.09 GB/s,2.8 %,0.05 GB/s,50.00 %,62.00 °C,1512 MHz
2025-05-07 15:49:57.7,prefill_decode_batch_size_2,NVIDIA A800 80GB PCIe,0,4,0.00 GB/s,0.00 %,35.00 %,100.00 %,100.00 %,1410 MHz,53.00 %,90.02 %,136.81 W,0.00 GB/s,16,1410 MHz,5.7 %,9.09 W,65.00 °C,301.21 W,0.09 GB/s,3.4 %,0.05 GB/s,50.00 %,61.00 °C,1512 MHz
2025-05-07 15:49:57.8,prefill_decode_batch_size_2,NVIDIA A800 80GB PCIe,0,4,0.00 GB/s,25.90 %,69.00 %,86.10 %,100.00 %,1410 MHz,54.00 %,90.02 %,152.97 W,0.00 GB/s,16,1410 MHz,5.7 %,9.02 W,65.00 °C,299.36 W,0.07 GB/s,4.3 %,0.05 GB/s,9.60 %,62.00 °C,1512 MHz
2025-05-07 15:49:58.0,prefill_decode_batch_size_2,NVIDIA A800 80GB PCIe,0,4,0.00 GB/s,0.00 %,33.70 %,100.00 %,100.00 %,1410 MHz,54.00 %,90.02 %,147.58 W,0.00 GB/s,16,1410 MHz,5.7 %,9.02 W,65.00 °C,300.54 W,0.09 GB/s,3.4 %,0.05 GB/s,50.00 %,62.00 °C,1512 MHz
2025-05-07 15:49:58.1,prefill_decode_batch_size_2,NVIDIA A800 80GB PCIe,0,4,0.00 GB/s,38.70 %,95.20 %,100.00 %,100.00 %,1410 MHz,53.00 %,90.02 %,152.43 W,0.00 GB/s,16,1410 MHz,5.7 %,9.02 W,65.00 °C,295.76 W,0.07 GB/s,5.3 %,0.06 GB/s,11.10 %,62.00 °C,1512 MHz
2025-05-07 15:49:58.2,prefill_decode_batch_size_2,NVIDIA A800 80GB PCIe,0,4,0.00 GB/s,0.00 %,33.80 %,100.00 %,100.00 %,1410 MHz,53.00 %,90.02 %,152.71 W,0.00 GB/s,16,1410 MHz,5.7 %,9.04 W,67.00 °C,300.93 W,0.10 GB/s,3.4 %,0.05 GB/s,50.00 %,62.00 °C,1512 MHz
2025-05-07 15:49:58.3,prefill_decode_batch_size_2,NVIDIA A800 80GB PCIe,0,4,0.00 GB/s,0.00 %,33.60 %,100.00 %,99.00 %,1410 MHz,53.00 %,90.02 %,124.34 W,0.00 GB/s,16,1410 MHz,5.7 %,9.07 W,67.00 °C,303.29 W,0.04 GB/s,2.2 %,0.03 GB/s,50.00 %,62.00 °C,1512 MHz
2025-05-07 15:49:58.4,prefill_decode_batch_size_2,NVIDIA A800 80GB PCIe,0,4,0.00 GB/s,0.00 %,33.50 %,100.00 %,99.00 %,1410 MHz,53.00 %,90.02 %,142.71 W,0.00 GB/s,16,1410 MHz,5.7 %,8.98 W,67.00 °C,292.15 W,0.10 GB/s,4.0 %,0.05 GB/s,50.00 %,62.00 °C,1512 MHz
2025-05-07 15:49:58.5,prefill_decode_batch_size_2,NVIDIA A800 80GB PCIe,0,4,0.00 GB/s,0.00 %,34.90 %,100.00 %,100.00 %,1410 MHz,54.00 %,90.02 %,131.55 W,0.00 GB/s,16,1410 MHz,5.7 %,9.12 W,67.00 °C,295.75 W,0.09 GB/s,3.1 %,0.05 GB/s,50.00 %,62.00 °C,1512 MHz
2025-05-07 15:49:58.6,prefill_decode_batch_size_2,NVIDIA A800 80GB PCIe,0,4,0.00 GB/s,0.00 %,33.30 %,100.00 %,100.00 %,1410 MHz,54.00 %,90.02 %,121.46 W,0.00 GB/s,16,1410 MHz,5.7 %,9.11 W,67.00 °C,302.85 W,0.10 GB/s,2.2 %,0.05 GB/s,50.00 %,62.00 °C,1512 MHz
2025-05-07 15:49:58.7,prefill_decode_batch_size_2,NVIDIA A800 80GB PCIe,0,4,0.00 GB/s,0.00 %,33.90 %,100.00 %,99.00 %,1410 MHz,53.00 %,90.02 %,141.83 W,0.00 GB/s,16,1410 MHz,5.7 %,9.19 W,67.00 °C,298.01 W,0.09 GB/s,3.1 %,0.05 GB/s,50.00 %,62.00 °C,1512 MHz
2025-05-07 15:49:58.8,prefill_decode_batch_size_2,NVIDIA A800 80GB PCIe,0,4,0.00 GB/s,0.00 %,33.50 %,100.00 %,99.00 %,1410 MHz,53.00 %,90.02 %,143.36 W,0.00 GB/s,16,1410 MHz,5.7 %,8.90 W,67.00 °C,302.19 W,0.10 GB/s,3.1 %,0.05 GB/s,50.00 %,62.00 °C,1512 MHz
2025-05-07 15:49:58.9,prefill_decode_batch_size_2,NVIDIA A800 80GB PCIe,0,4,0.00 GB/s,0.00 %,33.30 %,100.00 %,100.00 %,1410 MHz,54.00 %,90.02 %,148.01 W,0.00 GB/s,16,1410 MHz,5.7 %,8.89 W,67.00 °C,302.19 W,0.09 GB/s,2.8 %,0.06 GB/s,50.00 %,62.00 °C,1512 MHz
2025-05-07 15:49:59.0,prefill_decode_batch_size_2,NVIDIA A800 80GB PCIe,0,4,0.00 GB/s,0.00 %,33.70 %,100.00 %,100.00 %,1410 MHz,54.00 %,90.02 %,149.11 W,0.00 GB/s,16,1410 MHz,5.7 %,9.06 W,67.00 °C,304.32 W,0.10 GB/s,3.1 %,0.06 GB/s,50.00 %,62.00 °C,1512 MHz
2025-05-07 15:49:59.1,prefill_decode_batch_size_2,NVIDIA A800 80GB PCIe,0,4,0.00 GB/s,0.00 %,34.30 %,100.00 %,100.00 %,1410 MHz,53.00 %,90.02 %,135.38 W,0.00 GB/s,16,1410 MHz,5.7 %,9.32 W,67.00 °C,300.83 W,0.09 GB/s,4.6 %,0.05 GB/s,50.00 %,62.00 °C,1512 MHz
2025-05-07 15:49:59.2,prefill_decode_batch_size_2,NVIDIA A800 80GB PCIe,0,4,0.00 GB/s,15.80 %,49.20 %,84.40 %,100.00 %,1410 MHz,53.00 %,90.02 %,144.37 W,0.00 GB/s,16,1410 MHz,5.7 %,9.14 W,67.00 °C,300.83 W,0.08 GB/s,3.0 %,0.06 GB/s,12.40 %,62.00 °C,1512 MHz
2025-05-07 15:49:59.3,prefill_decode_batch_size_2,NVIDIA A800 80GB PCIe,0,4,0.00 GB/s,0.00 %,27.70 %,84.00 %,100.00 %,1410 MHz,53.00 %,90.02 %,149.57 W,0.00 GB/s,16,1410 MHz,5.7 %,9.21 W,67.00 °C,303.55 W,0.10 GB/s,3.4 %,0.06 GB/s,39.50 %,62.00 °C,1512 MHz
2025-05-07 15:49:59.4,prefill_decode_batch_size_2,NVIDIA A800 80GB PCIe,0,4,0.00 GB/s,39.40 %,95.90 %,99.50 %,100.00 %,1410 MHz,53.00 %,90.02 %,135.03 W,0.00 GB/s,16,1410 MHz,5.7 %,8.98 W,67.00 °C,301.41 W,0.07 GB/s,1.9 %,0.05 GB/s,11.10 %,62.00 °C,1512 MHz
2025-05-07 15:49:59.6,prefill_decode_batch_size_2,NVIDIA A800 80GB PCIe,0,4,0.00 GB/s,0.00 %,35.10 %,100.00 %,100.00 %,1410 MHz,53.00 %,90.02 %,138.43 W,0.00 GB/s,16,1410 MHz,5.7 %,8.99 W,67.00 °C,295.85 W,0.09 GB/s,3.4 %,0.06 GB/s,50.10 %,62.00 °C,1512 MHz
2025-05-07 15:49:59.7,prefill_decode_batch_size_2,NVIDIA A800 80GB PCIe,0,4,0.00 GB/s,0.00 %,33.70 %,100.00 %,100.00 %,1410 MHz,53.00 %,90.02 %,152.98 W,0.00 GB/s,16,1410 MHz,5.7 %,9.18 W,67.00 °C,300.55 W,0.10 GB/s,4.0 %,0.06 GB/s,50.00 %,62.00 °C,1512 MHz
2025-05-07 15:49:59.8,prefill_decode_batch_size_2,NVIDIA A800 80GB PCIe,0,4,0.00 GB/s,0.00 %,33.90 %,100.00 %,100.00 %,1410 MHz,53.00 %,90.02 %,153.37 W,0.00 GB/s,16,1410 MHz,5.7 %,9.13 W,67.00 °C,298.10 W,0.10 GB/s,4.7 %,0.05 GB/s,50.00 %,62.00 °C,1512 MHz
2025-05-07 15:49:59.9,prefill_decode_batch_size_2,NVIDIA A800 80GB PCIe,0,4,0.00 GB/s,0.00 %,33.80 %,100.00 %,99.00 %,1410 MHz,53.00 %,90.02 %,149.74 W,0.00 GB/s,16,1410 MHz,5.7 %,9.14 W,67.00 °C,297.02 W,0.09 GB/s,3.1 %,0.06 GB/s,50.00 %,62.00 °C,1512 MHz
2025-05-07 15:50:00.0,prefill_decode_batch_size_2,NVIDIA A800 80GB PCIe,0,4,0.00 GB/s,0.00 %,33.90 %,100.00 %,99.00 %,1395 MHz,53.00 %,90.02 %,144.22 W,0.00 GB/s,16,1395 MHz,5.7 %,9.05 W,67.00 °C,295.78 W,0.09 GB/s,3.4 %,0.05 GB/s,50.00 %,62.00 °C,1512 MHz
2025-05-07 15:50:00.1,prefill_decode_batch_size_2,NVIDIA A800 80GB PCIe,0,4,0.00 GB/s,0.00 %,31.10 %,95.90 %,100.00 %,1410 MHz,53.00 %,90.02 %,149.03 W,0.00 GB/s,16,1410 MHz,5.7 %,8.99 W,67.00 °C,298.32 W,0.11 GB/s,4.0 %,0.10 GB/s,48.10 %,62.00 °C,1512 MHz
2025-05-07 15:50:00.2,prefill_decode_batch_size_2,NVIDIA A800 80GB PCIe,0,4,0.00 GB/s,0.00 %,16.30 %,79.70 %,100.00 %,1410 MHz,53.00 %,90.02 %,150.03 W,0.00 GB/s,16,1410 MHz,5.7 %,9.14 W,67.00 °C,297.20 W,0.10 GB/s,3.1 %,0.05 GB/s,22.40 %,62.00 °C,1512 MHz
2025-05-07 15:50:00.3,prefill_decode_batch_size_2,NVIDIA A800 80GB PCIe,0,4,0.00 GB/s,0.00 %,33.90 %,100.00 %,100.00 %,1410 MHz,53.00 %,90.02 %,156.30 W,0.00 GB/s,16,1410 MHz,5.7 %,9.11 W,67.00 °C,300.74 W,0.09 GB/s,5.0 %,0.05 GB/s,50.00 %,62.00 °C,1512 MHz
2025-05-07 15:50:00.4,prefill_decode_batch_size_2,NVIDIA A800 80GB PCIe,0,4,0.00 GB/s,0.00 %,24.90 %,77.50 %,100.00 %,1410 MHz,53.00 %,90.02 %,150.39 W,0.00 GB/s,16,1410 MHz,5.7 %,8.88 W,67.00 °C,302.88 W,0.10 GB/s,3.4 %,0.06 GB/s,35.50 %,62.00 °C,1512 MHz
2025-05-07 15:50:00.5,prefill_decode_batch_size_2,NVIDIA A800 80GB PCIe,0,4,0.00 GB/s,0.00 %,33.60 %,100.00 %,100.00 %,1410 MHz,53.00 %,90.02 %,146.67 W,0.00 GB/s,16,1410 MHz,5.7 %,8.89 W,67.00 °C,295.58 W,0.09 GB/s,3.4 %,0.05 GB/s,50.00 %,62.00 °C,1512 MHz
2025-05-07 15:50:00.6,prefill_decode_batch_size_2,NVIDIA A800 80GB PCIe,0,4,0.00 GB/s,0.00 %,33.50 %,100.00 %,100.00 %,1410 MHz,53.00 %,90.02 %,149.81 W,0.00 GB/s,16,1410 MHz,5.7 %,9.03 W,67.00 °C,299.65 W,0.10 GB/s,4.3 %,0.06 GB/s,50.00 %,62.00 °C,1512 MHz
2025-05-07 15:50:00.7,prefill_decode_batch_size_2,NVIDIA A800 80GB PCIe,0,4,0.00 GB/s,22.50 %,55.70 %,58.00 %,100.00 %,1410 MHz,53.00 %,90.02 %,148.25 W,0.00 GB/s,16,1410 MHz,5.7 %,9.05 W,67.00 °C,300.71 W,0.10 GB/s,3.1 %,0.13 GB/s,5.30 %,63.00 °C,1512 MHz
2025-05-07 15:50:00.8,prefill_decode_batch_size_2,NVIDIA A800 80GB PCIe,0,4,0.00 GB/s,0.00 %,34.00 %,100.00 %,100.00 %,1410 MHz,53.00 %,90.02 %,145.85 W,0.00 GB/s,16,1410 MHz,5.7 %,9.10 W,67.00 °C,301.44 W,0.10 GB/s,3.1 %,0.06 GB/s,50.00 %,62.00 °C,1512 MHz
2025-05-07 15:50:00.9,prefill_decode_batch_size_2,NVIDIA A800 80GB PCIe,0,4,0.00 GB/s,0.00 %,34.90 %,100.00 %,99.00 %,1395 MHz,53.00 %,90.02 %,148.86 W,0.00 GB/s,16,1395 MHz,5.7 %,8.94 W,67.00 °C,291.69 W,0.09 GB/s,3.4 %,0.05 GB/s,50.00 %,63.00 °C,1512 MHz
2025-05-07 15:50:01.0,prefill_decode_batch_size_2,NVIDIA A800 80GB PCIe,0,4,0.00 GB/s,0.00 %,33.60 %,100.00 %,99.00 %,1410 MHz,53.00 %,90.02 %,139.47 W,0.00 GB/s,16,1410 MHz,5.7 %,9.05 W,67.00 °C,299.37 W,0.10 GB/s,3.4 %,0.06 GB/s,50.00 %,63.00 °C,1512 MHz
2025-05-07 15:50:01.1,prefill_decode_batch_size_2,NVIDIA A800 80GB PCIe,0,4,0.00 GB/s,0.00 %,27.70 %,81.50 %,100.00 %,1410 MHz,54.00 %,90.02 %,145.55 W,0.00 GB/s,16,1410 MHz,5.7 %,9.10 W,67.00 °C,300.64 W,0.10 GB/s,3.4 %,0.06 GB/s,39.80 %,63.00 °C,1512 MHz
2025-05-07 15:50:01.2,prefill_decode_batch_size_2,NVIDIA A800 80GB PCIe,0,4,0.00 GB/s,0.00 %,33.90 %,100.00 %,100.00 %,1395 MHz,54.00 %,90.02 %,149.08 W,0.00 GB/s,16,1395 MHz,5.7 %,8.81 W,67.00 °C,306.08 W,0.09 GB/s,3.4 %,0.05 GB/s,50.00 %,63.00 °C,1512 MHz
2025-05-07 15:50:01.3,prefill_decode_batch_size_2,NVIDIA A800 80GB PCIe,0,4,0.00 GB/s,0.00 %,33.50 %,100.00 %,100.00 %,1410 MHz,53.00 %,90.02 %,145.84 W,0.00 GB/s,16,1410 MHz,5.7 %,9.24 W,67.00 °C,288.95 W,0.09 GB/s,3.4 %,0.05 GB/s,50.00 %,63.00 °C,1512 MHz
2025-05-07 15:50:01.5,prefill_decode_batch_size_2,NVIDIA A800 80GB PCIe,0,4,0.00 GB/s,0.00 %,33.70 %,100.00 %,100.00 %,1410 MHz,53.00 %,90.02 %,146.80 W,0.00 GB/s,16,1410 MHz,5.7 %,9.01 W,67.00 °C,301.14 W,0.10 GB/s,4.0 %,0.05 GB/s,50.00 %,63.00 °C,1512 MHz
2025-05-07 15:50:01.6,prefill_decode_batch_size_2,NVIDIA A800 80GB PCIe,0,4,0.00 GB/s,0.00 %,33.40 %,100.00 %,100.00 %,1410 MHz,54.00 %,90.02 %,152.87 W,0.00 GB/s,16,1410 MHz,5.7 %,8.97 W,67.00 °C,303.93 W,0.10 GB/s,3.7 %,0.05 GB/s,50.00 %,63.00 °C,1512 MHz
2025-05-07 15:50:01.8,prefill_decode_batch_size_2,NVIDIA A800 80GB PCIe,0,4,0.00 GB/s,0.00 %,33.70 %,100.00 %,100.00 %,1410 MHz,53.00 %,90.02 %,150.22 W,0.00 GB/s,16,1410 MHz,5.7 %,9.11 W,67.00 °C,300.75 W,0.09 GB/s,4.0 %,0.05 GB/s,50.00 %,63.00 °C,1512 MHz
2025-05-07 15:50:01.9,prefill_decode_batch_size_2,NVIDIA A800 80GB PCIe,0,4,0.00 GB/s,0.00 %,33.60 %,100.00 %,100.00 %,1410 MHz,53.00 %,90.02 %,152.07 W,0.00 GB/s,16,1410 MHz,5.7 %,9.06 W,67.00 °C,302.29 W,0.09 GB/s,4.3 %,0.06 GB/s,50.00 %,63.00 °C,1512 MHz
2025-05-07 15:50:02.0,prefill_decode_batch_size_2,NVIDIA A800 80GB PCIe,0,4,0.00 GB/s,0.00 %,33.80 %,100.00 %,100.00 %,1395 MHz,53.00 %,90.02 %,145.35 W,0.00 GB/s,16,1395 MHz,5.7 %,9.10 W,67.00 °C,297.97 W,0.10 GB/s,3.4 %,0.05 GB/s,50.00 %,63.00 °C,1512 MHz
2025-05-07 15:50:02.1,prefill_decode_batch_size_2,NVIDIA A800 80GB PCIe,0,4,0.00 GB/s,0.00 %,33.50 %,100.00 %,100.00 %,1410 MHz,53.00 %,90.02 %,134.55 W,0.00 GB/s,16,1410 MHz,5.7 %,9.18 W,67.00 °C,294.00 W,0.09 GB/s,2.8 %,0.05 GB/s,50.00 %,63.00 °C,1512 MHz
2025-05-07 15:50:02.2,prefill_decode_batch_size_2,NVIDIA A800 80GB PCIe,0,4,0.00 GB/s,0.00 %,34.10 %,100.00 %,99.00 %,1410 MHz,53.00 %,90.02 %,155.72 W,0.00 GB/s,16,1410 MHz,5.7 %,9.02 W,67.00 °C,300.05 W,0.10 GB/s,3.1 %,0.06 GB/s,50.00 %,63.00 °C,1512 MHz
2025-05-07 15:50:02.4,prefill_decode_batch_size_2,NVIDIA A800 80GB PCIe,0,4,0.00 GB/s,0.00 %,33.70 %,100.00 %,100.00 %,1410 MHz,53.00 %,90.02 %,121.03 W,0.00 GB/s,16,1410 MHz,5.7 %,9.07 W,67.00 °C,300.75 W,0.10 GB/s,3.1 %,0.05 GB/s,50.00 %,63.00 °C,1512 MHz
2025-05-07 15:50:02.5,prefill_decode_batch_size_2,NVIDIA A800 80GB PCIe,0,4,0.00 GB/s,0.00 %,33.30 %,100.00 %,100.00 %,1410 MHz,53.00 %,90.02 %,142.96 W,0.00 GB/s,16,1410 MHz,5.7 %,9.07 W,67.00 °C,298.29 W,0.10 GB/s,2.8 %,0.05 GB/s,50.00 %,63.00 °C,1512 MHz
2025-05-07 15:50:02.6,prefill_decode_batch_size_2,NVIDIA A800 80GB PCIe,0,4,0.00 GB/s,0.00 %,33.50 %,100.00 %,100.00 %,1395 MHz,53.00 %,90.02 %,151.56 W,0.00 GB/s,16,1395 MHz,5.7 %,9.10 W,67.00 °C,293.13 W,0.10 GB/s,3.1 %,0.05 GB/s,50.00 %,63.00 °C,1512 MHz
2025-05-07 15:50:02.7,prefill_decode_batch_size_2,NVIDIA A800 80GB PCIe,0,4,0.00 GB/s,0.00 %,33.40 %,100.00 %,100.00 %,1395 MHz,53.00 %,90.02 %,146.86 W,0.00 GB/s,16,1395 MHz,5.7 %,9.12 W,67.00 °C,297.72 W,0.10 GB/s,3.4 %,0.05 GB/s,50.00 %,63.00 °C,1512 MHz
2025-05-07 15:50:02.8,prefill_decode_batch_size_2,NVIDIA A800 80GB PCIe,0,4,0.00 GB/s,0.00 %,33.40 %,100.00 %,100.00 %,1410 MHz,53.00 %,90.02 %,156.09 W,0.00 GB/s,16,1410 MHz,5.7 %,9.26 W,67.00 °C,296.56 W,0.10 GB/s,5.3 %,0.06 GB/s,50.00 %,63.00 °C,1512 MHz
2025-05-07 15:50:02.9,prefill_decode_batch_size_2,NVIDIA A800 80GB PCIe,0,4,0.00 GB/s,38.80 %,95.50 %,100.00 %,100.00 %,1410 MHz,53.00 %,90.02 %,149.21 W,0.00 GB/s,16,1410 MHz,5.7 %,9.07 W,67.00 °C,304.43 W,0.07 GB/s,3.7 %,0.05 GB/s,11.10 %,63.00 °C,1512 MHz
2025-05-07 15:50:03.1,prefill_decode_batch_size_2,NVIDIA A800 80GB PCIe,0,4,0.00 GB/s,0.00 %,31.50 %,100.00 %,100.00 %,1395 MHz,53.00 %,90.02 %,138.08 W,0.00 GB/s,16,1395 MHz,5.7 %,9.13 W,67.00 °C,294.19 W,0.09 GB/s,3.4 %,0.06 GB/s,46.90 %,63.00 °C,1512 MHz
2025-05-07 15:50:03.2,prefill_decode_batch_size_2,NVIDIA A800 80GB PCIe,0,4,0.00 GB/s,0.00 %,33.50 %,100.00 %,100.00 %,1395 MHz,53.00 %,90.02 %,151.29 W,0.00 GB/s,16,1395 MHz,5.7 %,9.01 W,67.00 °C,293.71 W,0.10 GB/s,3.7 %,0.06 GB/s,50.00 %,63.00 °C,1512 MHz
2025-05-07 15:50:03.3,prefill_decode_batch_size_2,NVIDIA A800 80GB PCIe,0,4,0.00 GB/s,0.00 %,33.30 %,100.00 %,100.00 %,1410 MHz,53.00 %,90.02 %,124.81 W,0.00 GB/s,16,1410 MHz,5.7 %,9.10 W,67.00 °C,290.61 W,0.09 GB/s,3.1 %,0.05 GB/s,50.00 %,63.00 °C,1512 MHz
2025-05-07 15:50:03.4,prefill_decode_batch_size_2,NVIDIA A800 80GB PCIe,0,4,0.00 GB/s,0.00 %,33.50 %,100.00 %,100.00 %,1395 MHz,53.00 %,90.02 %,115.02 W,0.00 GB/s,16,1395 MHz,5.7 %,8.90 W,67.00 °C,302.11 W,0.09 GB/s,3.3 %,0.05 GB/s,50.00 %,63.00 °C,1512 MHz
2025-05-07 15:50:03.5,prefill_decode_batch_size_2,NVIDIA A800 80GB PCIe,0,4,0.00 GB/s,0.00 %,33.90 %,100.00 %,99.00 %,1410 MHz,53.00 %,90.02 %,120.17 W,0.00 GB/s,16,1410 MHz,5.7 %,9.00 W,67.00 °C,296.45 W,0.09 GB/s,3.3 %,0.06 GB/s,50.00 %,63.00 °C,1512 MHz
2025-05-07 15:50:03.6,prefill_decode_batch_size_2,NVIDIA A800 80GB PCIe,0,4,0.00 GB/s,0.00 %,34.00 %,100.00 %,99.00 %,1410 MHz,53.00 %,90.02 %,123.16 W,0.00 GB/s,16,1410 MHz,5.7 %,9.10 W,67.00 °C,306.49 W,0.10 GB/s,2.8 %,0.05 GB/s,50.00 %,63.00 °C,1512 MHz
2025-05-07 15:50:03.7,prefill_decode_batch_size_2,NVIDIA A800 80GB PCIe,0,4,0.00 GB/s,0.00 %,33.80 %,100.00 %,100.00 %,1410 MHz,53.00 %,90.02 %,131.77 W,0.00 GB/s,16,1410 MHz,5.7 %,9.15 W,67.00 °C,297.14 W,0.10 GB/s,3.1 %,0.05 GB/s,50.00 %,63.00 °C,1512 MHz
2025-05-07 15:50:03.8,prefill_decode_batch_size_2,NVIDIA A800 80GB PCIe,0,4,0.00 GB/s,0.00 %,34.00 %,100.00 %,100.00 %,1395 MHz,53.00 %,90.02 %,127.91 W,0.00 GB/s,16,1395 MHz,5.7 %,9.21 W,67.00 °C,297.14 W,0.09 GB/s,3.4 %,0.05 GB/s,50.00 %,63.00 °C,1512 MHz
2025-05-07 15:50:03.9,prefill_decode_batch_size_2,NVIDIA A800 80GB PCIe,0,4,0.00 GB/s,0.00 %,26.70 %,79.50 %,100.00 %,1395 MHz,53.00 %,90.02 %,123.20 W,0.00 GB/s,16,1395 MHz,5.7 %,9.12 W,67.00 °C,293.83 W,0.10 GB/s,3.1 %,0.06 GB/s,38.40 %,63.00 °C,1512 MHz
2025-05-07 15:50:04.3,prefill_decode_batch_size_2,NVIDIA A800 80GB PCIe,0,4,0.00 GB/s,0.00 %,34.90 %,100.00 %,100.00 %,1410 MHz,53.00 %,90.02 %,109.75 W,0.00 GB/s,16,1410 MHz,5.7 %,9.30 W,67.00 °C,292.55 W,0.09 GB/s,3.7 %,0.06 GB/s,50.00 %,63.00 °C,1512 MHz
2025-05-07 15:50:04.4,prefill_decode_batch_size_2,NVIDIA A800 80GB PCIe,0,4,0.00 GB/s,0.00 %,34.10 %,100.00 %,100.00 %,1410 MHz,53.00 %,90.02 %,122.22 W,0.00 GB/s,16,1410 MHz,5.7 %,9.09 W,67.00 °C,303.25 W,0.09 GB/s,3.7 %,0.05 GB/s,50.00 %,63.00 °C,1512 MHz
2025-05-07 15:50:04.5,prefill_decode_batch_size_2,NVIDIA A800 80GB PCIe,0,4,0.00 GB/s,24.40 %,60.50 %,58.90 %,100.00 %,1410 MHz,53.00 %,90.02 %,110.23 W,0.00 GB/s,16,1410 MHz,5.7 %,9.21 W,69.00 °C,306.10 W,0.10 GB/s,3.1 %,0.14 GB/s,5.20 %,64.00 °C,1512 MHz
2025-05-07 15:50:04.6,prefill_decode_batch_size_2,NVIDIA A800 80GB PCIe,0,4,0.00 GB/s,0.00 %,33.30 %,100.00 %,100.00 %,1410 MHz,53.00 %,90.02 %,133.84 W,0.00 GB/s,16,1410 MHz,5.7 %,9.09 W,69.00 °C,309.79 W,0.10 GB/s,4.7 %,0.05 GB/s,50.00 %,64.00 °C,1512 MHz
2025-05-07 15:50:04.7,prefill_decode_batch_size_2,NVIDIA A800 80GB PCIe,0,4,0.00 GB/s,0.00 %,34.50 %,100.00 %,99.00 %,1410 MHz,53.00 %,90.02 %,155.40 W,0.00 GB/s,16,1410 MHz,5.7 %,8.98 W,69.00 °C,303.12 W,0.10 GB/s,5.0 %,0.06 GB/s,50.00 %,64.00 °C,1512 MHz
2025-05-07 15:50:04.8,prefill_decode_batch_size_2,NVIDIA A800 80GB PCIe,0,4,0.00 GB/s,0.00 %,33.20 %,100.00 %,99.00 %,1395 MHz,53.00 %,90.02 %,154.06 W,0.00 GB/s,16,1395 MHz,5.7 %,9.07 W,69.00 °C,293.04 W,0.10 GB/s,8.1 %,0.06 GB/s,50.00 %,63.00 °C,1512 MHz
2025-05-07 15:50:04.9,prefill_decode_batch_size_2,NVIDIA A800 80GB PCIe,0,4,0.00 GB/s,0.00 %,33.90 %,100.00 %,100.00 %,1395 MHz,53.00 %,90.02 %,149.07 W,0.00 GB/s,16,1395 MHz,5.7 %,9.19 W,69.00 °C,292.55 W,0.10 GB/s,3.1 %,0.06 GB/s,50.00 %,63.00 °C,1512 MHz
2025-05-07 15:50:05.0,prefill_decode_batch_size_2,NVIDIA A800 80GB PCIe,0,4,0.00 GB/s,0.00 %,33.30 %,100.00 %,100.00 %,1395 MHz,53.00 %,90.80 %,148.94 W,0.00 GB/s,16,1395 MHz,5.7 %,9.14 W,69.00 °C,289.64 W,0.09 GB/s,3.7 %,0.05 GB/s,50.00 %,63.00 °C,1512 MHz
2025-05-07 15:50:05.1,prefill_decode_batch_size_2,NVIDIA A800 80GB PCIe,0,4,0.00 GB/s,0.00 %,34.00 %,100.00 %,100.00 %,1395 MHz,53.00 %,93.12 %,147.71 W,0.00 GB/s,16,1395 MHz,5.7 %,9.31 W,69.00 °C,292.38 W,0.09 GB/s,5.0 %,0.05 GB/s,50.00 %,63.00 °C,1512 MHz
2025-05-07 15:50:05.4,prefill_decode_batch_size_2,NVIDIA A800 80GB PCIe,0,4,0.00 GB/s,0.00 %,33.80 %,100.00 %,100.00 %,1395 MHz,53.00 %,93.12 %,116.16 W,0.00 GB/s,16,1395 MHz,5.7 %,9.09 W,69.00 °C,289.13 W,0.09 GB/s,3.4 %,0.06 GB/s,50.00 %,63.00 °C,1512 MHz
2025-05-07 15:50:05.5,prefill_decode_batch_size_2,NVIDIA A800 80GB PCIe,0,4,0.00 GB/s,0.00 %,33.50 %,100.00 %,100.00 %,1395 MHz,53.00 %,93.12 %,119.15 W,0.00 GB/s,16,1395 MHz,5.7 %,9.08 W,69.00 °C,297.25 W,0.09 GB/s,3.1 %,0.05 GB/s,50.00 %,64.00 °C,1512 MHz
2025-05-07 15:50:05.6,prefill_decode_batch_size_2,NVIDIA A800 80GB PCIe,0,4,0.00 GB/s,0.00 %,33.50 %,100.00 %,100.00 %,1410 MHz,53.00 %,93.12 %,125.38 W,0.00 GB/s,16,1410 MHz,5.7 %,9.08 W,69.00 °C,306.50 W,0.09 GB/s,3.7 %,0.05 GB/s,50.00 %,64.00 °C,1512 MHz
2025-05-07 15:50:05.7,prefill_decode_batch_size_2,NVIDIA A800 80GB PCIe,0,4,0.00 GB/s,0.00 %,34.20 %,100.00 %,99.00 %,1395 MHz,53.00 %,93.12 %,118.87 W,0.00 GB/s,16,1395 MHz,5.7 %,9.20 W,69.00 °C,294.22 W,0.07 GB/s,2.8 %,0.04 GB/s,50.00 %,64.00 °C,1512 MHz
2025-05-07 15:50:05.8,prefill_decode_batch_size_2,NVIDIA A800 80GB PCIe,0,4,0.00 GB/s,0.00 %,33.40 %,100.00 %,99.00 %,1395 MHz,53.00 %,93.12 %,131.73 W,0.00 GB/s,16,1395 MHz,5.7 %,9.01 W,69.00 °C,306.55 W,0.09 GB/s,2.8 %,0.06 GB/s,50.00 %,64.00 °C,1512 MHz
2025-05-07 15:50:06.1,prefill_decode_batch_size_2,NVIDIA A800 80GB PCIe,0,4,0.00 GB/s,0.00 %,33.20 %,100.00 %,99.00 %,1395 MHz,53.00 %,93.12 %,153.86 W,0.00 GB/s,16,1395 MHz,5.7 %,9.04 W,69.00 °C,289.83 W,0.09 GB/s,3.4 %,0.05 GB/s,50.00 %,64.00 °C,1512 MHz
2025-05-07 15:50:06.2,prefill_decode_batch_size_2,NVIDIA A800 80GB PCIe,0,4,0.00 GB/s,0.00 %,34.00 %,100.00 %,100.00 %,1395 MHz,53.00 %,93.12 %,147.96 W,0.00 GB/s,16,1395 MHz,5.7 %,9.13 W,69.00 °C,292.64 W,0.09 GB/s,3.0 %,0.05 GB/s,50.00 %,64.00 °C,1512 MHz
2025-05-07 15:50:06.3,prefill_decode_batch_size_2,NVIDIA A800 80GB PCIe,0,4,0.00 GB/s,0.00 %,33.60 %,100.00 %,100.00 %,1395 MHz,53.00 %,93.12 %,150.69 W,0.00 GB/s,16,1395 MHz,5.7 %,9.01 W,69.00 °C,292.36 W,0.10 GB/s,2.8 %,0.06 GB/s,50.00 %,64.00 °C,1512 MHz
2025-05-07 15:50:06.4,prefill_decode_batch_size_2,NVIDIA A800 80GB PCIe,0,4,0.00 GB/s,0.00 %,34.10 %,100.00 %,100.00 %,1410 MHz,53.00 %,93.12 %,142.43 W,0.00 GB/s,16,1410 MHz,5.7 %,9.00 W,69.00 °C,304.32 W,0.10 GB/s,3.4 %,0.05 GB/s,50.00 %,64.00 °C,1512 MHz
2025-05-07 15:50:06.5,prefill_decode_batch_size_2,NVIDIA A800 80GB PCIe,0,4,0.00 GB/s,0.00 %,23.60 %,97.00 %,100.00 %,1395 MHz,53.00 %,93.12 %,148.71 W,0.00 GB/s,16,1395 MHz,5.7 %,9.03 W,69.00 °C,299.57 W,0.10 GB/s,3.7 %,0.05 GB/s,33.80 %,64.00 °C,1512 MHz
2025-05-07 15:50:06.6,prefill_decode_batch_size_2,NVIDIA A800 80GB PCIe,0,4,0.00 GB/s,0.00 %,34.30 %,100.00 %,100.00 %,1395 MHz,53.00 %,93.12 %,148.91 W,0.00 GB/s,16,1395 MHz,5.7 %,9.04 W,69.00 °C,302.48 W,0.09 GB/s,3.1 %,0.05 GB/s,50.00 %,64.00 °C,1512 MHz
2025-05-07 15:50:06.7,prefill_decode_batch_size_2,NVIDIA A800 80GB PCIe,0,4,0.00 GB/s,0.00 %,33.30 %,100.00 %,100.00 %,1395 MHz,53.00 %,93.12 %,147.53 W,0.00 GB/s,16,1395 MHz,5.7 %,9.00 W,69.00 °C,293.21 W,0.09 GB/s,3.1 %,0.05 GB/s,50.00 %,64.00 °C,1512 MHz
2025-05-07 15:50:06.8,prefill_decode_batch_size_2,NVIDIA A800 80GB PCIe,0,4,0.00 GB/s,0.00 %,33.50 %,100.00 %,100.00 %,1395 MHz,53.00 %,93.12 %,149.00 W,0.00 GB/s,16,1395 MHz,5.7 %,9.11 W,69.00 °C,299.65 W,0.09 GB/s,3.1 %,0.05 GB/s,50.00 %,64.00 °C,1512 MHz
2025-05-07 15:50:06.9,prefill_decode_batch_size_2,NVIDIA A800 80GB PCIe,0,4,0.00 GB/s,0.00 %,33.70 %,100.00 %,100.00 %,1395 MHz,53.00 %,93.12 %,143.29 W,0.00 GB/s,16,1395 MHz,5.7 %,9.10 W,69.00 °C,292.34 W,0.09 GB/s,2.8 %,0.05 GB/s,50.00 %,64.00 °C,1512 MHz
2025-05-07 15:50:07.0,prefill_decode_batch_size_2,NVIDIA A800 80GB PCIe,0,4,0.00 GB/s,0.00 %,34.80 %,100.00 %,99.00 %,1395 MHz,53.00 %,93.12 %,143.87 W,0.00 GB/s,16,1395 MHz,5.7 %,9.22 W,69.00 °C,296.72 W,0.10 GB/s,4.0 %,0.13 GB/s,50.00 %,64.00 °C,1512 MHz
2025-05-07 15:50:07.1,prefill_decode_batch_size_2,NVIDIA A800 80GB PCIe,0,4,0.00 GB/s,0.00 %,33.20 %,100.00 %,100.00 %,1395 MHz,53.00 %,93.12 %,150.78 W,0.00 GB/s,16,1395 MHz,5.7 %,9.00 W,69.00 °C,291.77 W,0.09 GB/s,2.5 %,0.05 GB/s,50.00 %,64.00 °C,1512 MHz
2025-05-07 15:50:07.3,prefill_decode_batch_size_2,NVIDIA A800 80GB PCIe,0,4,0.00 GB/s,0.00 %,33.30 %,100.00 %,100.00 %,1395 MHz,53.00 %,93.12 %,141.38 W,0.00 GB/s,16,1395 MHz,5.7 %,8.99 W,69.00 °C,294.60 W,0.09 GB/s,2.8 %,0.05 GB/s,50.00 %,64.00 °C,1512 MHz
2025-05-07 15:50:07.4,prefill_decode_batch_size_2,NVIDIA A800 80GB PCIe,0,4,0.00 GB/s,0.00 %,33.40 %,100.00 %,100.00 %,1395 MHz,53.00 %,93.12 %,148.43 W,0.00 GB/s,16,1395 MHz,5.7 %,8.85 W,69.00 °C,292.08 W,0.10 GB/s,3.7 %,0.06 GB/s,50.00 %,64.00 °C,1512 MHz
2025-05-07 15:50:07.5,prefill_decode_batch_size_2,NVIDIA A800 80GB PCIe,0,4,0.00 GB/s,12.30 %,30.30 %,29.50 %,100.00 %,1395 MHz,53.00 %,93.12 %,147.90 W,0.00 GB/s,16,1395 MHz,5.7 %,8.90 W,69.00 °C,291.39 W,0.14 GB/s,3.1 %,0.29 GB/s,3.70 %,64.00 °C,1512 MHz
2025-05-07 15:50:07.7,prefill_decode_batch_size_2,NVIDIA A800 80GB PCIe,0,4,0.00 GB/s,0.00 %,33.60 %,100.00 %,100.00 %,1410 MHz,53.00 %,93.12 %,122.20 W,0.00 GB/s,16,1410 MHz,5.7 %,9.10 W,69.00 °C,296.33 W,0.09 GB/s,3.4 %,0.06 GB/s,50.00 %,64.00 °C,1512 MHz
2025-05-07 15:50:07.8,prefill_decode_batch_size_2,NVIDIA A800 80GB PCIe,0,4,0.00 GB/s,0.00 %,33.40 %,100.00 %,99.00 %,1410 MHz,53.00 %,93.12 %,143.20 W,0.00 GB/s,16,1410 MHz,5.7 %,9.07 W,69.00 °C,301.91 W,0.09 GB/s,3.7 %,0.05 GB/s,50.00 %,64.00 °C,1512 MHz
2025-05-07 15:50:07.9,prefill_decode_batch_size_2,NVIDIA A800 80GB PCIe,0,4,0.00 GB/s,0.00 %,33.30 %,100.00 %,99.00 %,1395 MHz,53.00 %,93.12 %,147.63 W,0.00 GB/s,16,1395 MHz,5.7 %,9.17 W,69.00 °C,299.87 W,0.09 GB/s,3.4 %,0.05 GB/s,50.00 %,64.00 °C,1512 MHz
2025-05-07 15:50:08.0,prefill_decode_batch_size_2,NVIDIA A800 80GB PCIe,0,4,0.00 GB/s,0.00 %,33.80 %,100.00 %,100.00 %,1395 MHz,53.00 %,93.12 %,149.67 W,0.00 GB/s,16,1395 MHz,5.7 %,9.09 W,69.00 °C,292.66 W,0.09 GB/s,3.6 %,0.05 GB/s,50.00 %,64.00 °C,1512 MHz
2025-05-07 15:50:08.1,prefill_decode_batch_size_2,NVIDIA A800 80GB PCIe,0,4,0.00 GB/s,0.00 %,23.10 %,96.30 %,100.00 %,1395 MHz,53.00 %,93.12 %,148.92 W,0.00 GB/s,16,1395 MHz,5.7 %,8.98 W,69.00 °C,294.51 W,0.09 GB/s,3.1 %,0.05 GB/s,33.00 %,64.00 °C,1512 MHz
2025-05-07 15:50:08.2,prefill_decode_batch_size_2,NVIDIA A800 80GB PCIe,0,4,0.00 GB/s,0.00 %,33.80 %,100.00 %,99.00 %,1395 MHz,53.00 %,93.12 %,148.72 W,0.00 GB/s,16,1395 MHz,5.7 %,9.08 W,69.00 °C,299.65 W,0.10 GB/s,2.2 %,0.05 GB/s,50.00 %,64.00 °C,1512 MHz
2025-05-07 15:50:08.4,prefill_decode_batch_size_2,NVIDIA A800 80GB PCIe,0,4,0.00 GB/s,0.00 %,29.60 %,100.00 %,100.00 %,1410 MHz,53.00 %,93.12 %,141.62 W,0.00 GB/s,16,1410 MHz,5.7 %,8.96 W,69.00 °C,305.50 W,0.09 GB/s,3.4 %,0.06 GB/s,43.30 %,64.00 °C,1512 MHz
2025-05-07 15:50:08.5,prefill_decode_batch_size_2,NVIDIA A800 80GB PCIe,0,4,0.00 GB/s,0.00 %,33.40 %,100.00 %,100.00 %,1410 MHz,53.00 %,93.12 %,148.19 W,0.00 GB/s,16,1410 MHz,5.7 %,9.09 W,69.00 °C,306.02 W,0.09 GB/s,3.0 %,0.05 GB/s,50.00 %,64.00 °C,1512 MHz
2025-05-07 15:50:08.6,prefill_decode_batch_size_2,NVIDIA A800 80GB PCIe,0,4,0.00 GB/s,0.00 %,33.30 %,100.00 %,100.00 %,1410 MHz,54.00 %,93.12 %,150.00 W,0.00 GB/s,16,1410 MHz,5.7 %,9.03 W,69.00 °C,303.46 W,0.10 GB/s,3.1 %,0.06 GB/s,50.00 %,64.00 °C,1512 MHz
2025-05-07 15:50:08.9,prefill_decode_batch_size_2,NVIDIA A800 80GB PCIe,0,4,0.00 GB/s,26.30 %,64.50 %,63.20 %,98.00 %,1395 MHz,52.00 %,93.12 %,111.05 W,0.00 GB/s,16,1395 MHz,5.7 %,9.00 W,69.00 °C,296.16 W,0.09 GB/s,3.4 %,0.12 GB/s,5.60 %,64.00 °C,1512 MHz
2025-05-07 15:50:09.4,prefill_decode_batch_size_2,NVIDIA A800 80GB PCIe,0,4,0.00 GB/s,0.00 %,33.40 %,100.00 %,100.00 %,1395 MHz,53.00 %,93.12 %,144.37 W,0.00 GB/s,16,1395 MHz,5.7 %,9.03 W,69.00 °C,300.55 W,0.09 GB/s,4.0 %,0.06 GB/s,50.00 %,64.00 °C,1512 MHz
2025-05-07 15:50:09.5,prefill_decode_batch_size_2,NVIDIA A800 80GB PCIe,0,4,0.00 GB/s,0.00 %,33.20 %,100.00 %,99.00 %,1395 MHz,53.00 %,93.12 %,137.29 W,0.00 GB/s,16,1395 MHz,5.7 %,9.15 W,69.00 °C,290.42 W,0.09 GB/s,4.0 %,0.05 GB/s,50.00 %,64.00 °C,1512 MHz
2025-05-07 15:50:09.6,prefill_decode_batch_size_2,NVIDIA A800 80GB PCIe,0,4,0.00 GB/s,24.70 %,60.10 %,57.80 %,99.00 %,1395 MHz,53.00 %,93.12 %,147.02 W,0.00 GB/s,16,1395 MHz,5.7 %,9.01 W,69.00 °C,293.54 W,0.10 GB/s,3.4 %,0.12 GB/s,5.70 %,64.00 °C,1512 MHz
2025-05-07 15:50:09.7,prefill_decode_batch_size_2,NVIDIA A800 80GB PCIe,0,4,0.00 GB/s,0.00 %,33.20 %,100.00 %,100.00 %,1395 MHz,53.00 %,93.12 %,148.59 W,0.00 GB/s,16,1395 MHz,5.7 %,8.89 W,69.00 °C,296.07 W,0.09 GB/s,3.1 %,0.06 GB/s,50.00 %,64.00 °C,1512 MHz
2025-05-07 15:50:10.0,prefill_decode_batch_size_2,NVIDIA A800 80GB PCIe,0,4,0.00 GB/s,0.00 %,33.70 %,100.00 %,100.00 %,1410 MHz,53.00 %,93.12 %,105.50 W,0.00 GB/s,16,1410 MHz,5.7 %,9.01 W,69.00 °C,301.51 W,0.09 GB/s,3.1 %,0.06 GB/s,50.00 %,65.00 °C,1512 MHz
2025-05-07 15:50:10.1,prefill_decode_batch_size_2,NVIDIA A800 80GB PCIe,0,4,0.00 GB/s,0.00 %,33.30 %,100.00 %,100.00 %,1395 MHz,53.00 %,93.12 %,119.65 W,0.00 GB/s,16,1395 MHz,5.7 %,9.03 W,69.00 °C,291.11 W,0.10 GB/s,3.1 %,0.06 GB/s,50.00 %,65.00 °C,1512 MHz
2025-05-07 15:50:10.2,prefill_decode_batch_size_2,NVIDIA A800 80GB PCIe,0,4,0.00 GB/s,29.30 %,75.40 %,85.60 %,100.00 %,1395 MHz,53.00 %,93.12 %,119.61 W,0.00 GB/s,16,1395 MHz,5.7 %,9.17 W,69.00 °C,297.52 W,0.08 GB/s,4.0 %,0.06 GB/s,9.30 %,65.00 °C,1512 MHz
2025-05-07 15:50:10.3,prefill_decode_batch_size_2,NVIDIA A800 80GB PCIe,0,4,0.00 GB/s,0.00 %,33.60 %,100.00 %,100.00 %,1395 MHz,53.00 %,93.12 %,127.26 W,0.00 GB/s,16,1395 MHz,5.7 %,9.12 W,69.00 °C,295.19 W,0.09 GB/s,3.3 %,0.05 GB/s,50.00 %,65.00 °C,1512 MHz
2025-05-07 15:50:10.5,prefill_decode_batch_size_2,NVIDIA A800 80GB PCIe,0,4,0.00 GB/s,0.00 %,17.20 %,76.10 %,100.00 %,1395 MHz,53.00 %,93.12 %,143.29 W,0.00 GB/s,16,1395 MHz,5.7 %,8.92 W,69.00 °C,296.46 W,0.10 GB/s,2.8 %,0.06 GB/s,23.90 %,65.00 °C,1512 MHz
2025-05-07 15:50:10.6,prefill_decode_batch_size_2,NVIDIA A800 80GB PCIe,0,4,0.00 GB/s,37.80 %,94.30 %,99.20 %,100.00 %,1395 MHz,53.00 %,93.12 %,151.88 W,0.00 GB/s,16,1395 MHz,5.7 %,9.03 W,69.00 °C,297.31 W,0.07 GB/s,3.1 %,0.06 GB/s,11.00 %,65.00 °C,1512 MHz
2025-05-07 15:50:10.7,prefill_decode_batch_size_2,NVIDIA A800 80GB PCIe,0,4,0.00 GB/s,0.00 %,33.50 %,100.00 %,99.00 %,1395 MHz,53.00 %,93.12 %,152.39 W,0.00 GB/s,16,1395 MHz,5.7 %,9.10 W,69.00 °C,293.81 W,0.10 GB/s,4.2 %,0.05 GB/s,50.00 %,65.00 °C,1512 MHz
2025-05-07 15:50:10.8,prefill_decode_batch_size_2,NVIDIA A800 80GB PCIe,0,4,0.00 GB/s,0.00 %,32.10 %,100.00 %,99.00 %,1410 MHz,53.00 %,93.12 %,150.62 W,0.00 GB/s,16,1410 MHz,5.7 %,9.05 W,69.00 °C,301.21 W,0.10 GB/s,4.3 %,0.06 GB/s,48.20 %,65.00 °C,1512 MHz
2025-05-07 15:50:10.9,prefill_decode_batch_size_2,NVIDIA A800 80GB PCIe,0,4,0.00 GB/s,0.00 %,33.10 %,100.00 %,100.00 %,1395 MHz,53.00 %,93.12 %,149.88 W,0.00 GB/s,16,1395 MHz,5.7 %,9.09 W,69.00 °C,298.89 W,0.09 GB/s,2.8 %,0.05 GB/s,49.50 %,65.00 °C,1512 MHz
2025-05-07 15:50:11.1,prefill_decode_batch_size_2,NVIDIA A800 80GB PCIe,0,4,0.00 GB/s,0.00 %,33.30 %,100.00 %,100.00 %,1395 MHz,53.00 %,93.12 %,148.11 W,0.00 GB/s,16,1395 MHz,5.7 %,8.89 W,69.00 °C,298.39 W,0.09 GB/s,3.4 %,0.05 GB/s,50.00 %,65.00 °C,1512 MHz
2025-05-07 15:50:11.2,prefill_decode_batch_size_2,NVIDIA A800 80GB PCIe,0,4,0.00 GB/s,0.00 %,33.30 %,100.00 %,100.00 %,1395 MHz,53.00 %,93.12 %,155.45 W,0.00 GB/s,16,1395 MHz,5.7 %,9.00 W,69.00 °C,296.92 W,0.09 GB/s,5.0 %,0.06 GB/s,50.00 %,65.00 °C,1512 MHz
2025-05-07 15:50:11.3,prefill_decode_batch_size_2,NVIDIA A800 80GB PCIe,0,4,0.00 GB/s,0.00 %,33.20 %,100.00 %,100.00 %,1395 MHz,53.00 %,93.12 %,152.25 W,0.00 GB/s,16,1395 MHz,5.7 %,9.07 W,69.00 °C,297.91 W,0.09 GB/s,4.0 %,0.05 GB/s,50.00 %,65.00 °C,1512 MHz
